Months,PHYTO_TOTAL,DIATO,DINO,HAPTO,GREEN,PROKAR,PROCHLO,DIATO_REL,DINO_REL,HAPTO_REL,GREEN_REL,PROKAR_REL,PROCHLO_REL
2003-01-01,3.488227,0.958557,0.329338,0.207951,0.118761,1.54672,0.3269,0.2747977697552367,0.09441415366603148,0.05961509959070897,0.034046236096446705,0.4434115096293905,0.09371523126218563
2003-02-01,3.360002,0.805949,0.377044,0.231764,0.111635,1.48489,0.34872,0.23986563103236247,0.11221540939558963,0.06897733989444053,0.03322468260435559,0.44193128456471154,0.10378565250854016
2003-03-01,3.326606,0.764931,0.378755,0.197534,0.101069,1.55227,0.332047,0.22994337171279078,0.1138562847538903,0.0593800407983392,0.030382016986682525,0.4666227380098515,0.09981554773844573
2003-04-01,2.6478639999999998,0.637931,0.304692,0.216485,0.174707,1.11178,0.202269,0.24092287217168257,0.11507086466676537,0.08175835314804689,0.06598035246523236,0.41987806020248775,0.07638949734578514
2003-05-01,2.1963475999999997,0.392078,0.243528,0.204005,0.0907946,1.09857,0.167372,0.17851363782308413,0.1108786241303517,0.09288374936644819,0.041338902822121604,0.5001803903899366,0.07620469546805797
2003-06-01,2.357589,0.273599,0.209966,0.165734,0.105631,1.44346,0.159199,0.11605033786635414,0.08905962828974856,0.07029808842847503,0.0448046712128365,0.6122610853715384,0.06752618883104732
2003-07-01,2.959429,0.598855,0.227015,0.175775,0.109971,1.69462,0.153193,0.20235491373504821,0.07670905434798402,0.05939490354389309,0.03715953313966985,0.5726172177132819,0.051764377520122966
2003-08-01,2.7984256999999997,0.175934,0.199986,0.136558,0.0834437,2.02345,0.179054,0.06286891947854825,0.0714637519230902,0.048798151046139986,0.02981808664778915,0.7230672588520038,0.06398383205242862
2003-09-01,3.3501282,0.195147,0.200438,0.127053,0.0926792,2.49566,0.239151,0.05825060664842617,0.05982994919418308,0.03792481732490118,0.027664374157382994,0.7449446262981817,0.07138562637692492
2003-10-01,4.077674,0.205216,0.201103,0.125402,0.118648,3.10339,0.323915,0.05032673038599947,0.04931806711375161,0.030753316719286536,0.02909698028827219,0.7610686876881281,0.07943621780456211
2003-11-01,3.573195,0.318759,0.202725,0.135951,0.103761,2.49078,0.321219,0.08920839752658336,0.05673493889922044,0.038047461725430595,0.02903871745034906,0.6970736273838959,0.0898968570145206
2003-12-01,3.8576770000000002,0.474118,0.2704,0.168981,0.109771,2.4684,0.366007,0.12290246176649833,0.0700939969831585,0.043803822870603214,0.02845520762883984,0.6398669458329456,0.09487756491795452
2004-01-01,3.9526450000000004,0.730288,0.36193,0.206825,0.13726,2.12813,0.388212,0.18475931939245746,0.0915665332960587,0.0523257211310401,0.034726113779507135,0.5384065606701335,0.09821575173080303
2004-02-01,3.24219,0.645526,0.296563,0.187912,0.120869,1.63992,0.3514,0.19910184165641126,0.0914699632038838,0.05795835530922,0.03728004836237235,0.5058062605831244,0.10838353088498823
2004-03-01,2.7368400000000004,0.650931,0.305871,0.201188,0.127797,1.17311,0.277943,0.2378403560310431,0.11176064366203357,0.07351105654696656,0.046695093611610464,0.42863667587436605,0.1015561742739802
2004-04-01,2.830297,0.603158,0.32521,0.170463,0.108056,1.37009,0.25332,0.21310767032576441,0.1149031356073232,0.06022795487540707,0.03817832545489042,0.48407993931378934,0.08950297442282559
2004-05-01,2.5360923,0.512643,0.274125,0.173885,0.0924173,1.29025,0.192772,0.20213893634707222,0.10808952024340755,0.06856414492485152,0.03644082670019541,0.5087551427051767,0.07601142907929652
2004-06-01,1.92754,0.21361,0.180307,0.152169,0.115544,1.143,0.12291,0.11082000892329082,0.09354254645817985,0.07894466522095521,0.05994376251595297,0.5929838031895577,0.06376521369206346
2004-07-01,2.3980714,0.207301,0.19816,0.143724,0.0721024,1.62684,0.149944,0.08644488233336171,0.08263306922387716,0.059933161289526235,0.030066827868427935,0.6783951470335704,0.06252691225123655
2004-08-01,2.8494187999999996,0.164426,0.196877,0.137634,0.0906958,2.08396,0.175826,0.057705101124481954,0.06909373939696054,0.04830248189560623,0.03182957871970242,0.7313631818530854,0.061705917010163626
2004-09-01,3.5221507,0.202733,0.19462,0.125407,0.0925027,2.65443,0.252458,0.05755943378572643,0.05525601161812866,0.035605234040667254,0.02626312951345324,0.7536389626940153,0.07167722834800908
2004-10-01,4.132697,0.187919,0.200039,0.120626,0.102504,3.18842,0.333189,0.045471274569609144,0.04840398412949219,0.02918820324838719,0.024803173327248525,0.7715107108021709,0.08062265392309187
2004-11-01,4.040666,0.275664,0.225374,0.135568,0.104261,2.94604,0.353759,0.0682224167996068,0.055776448733946334,0.03355090472709202,0.025802924567385675,0.7290976289552267,0.08754967621674249
2004-12-01,3.667408,0.428077,0.252494,0.165371,0.129245,2.34754,0.344681,0.11672467312063452,0.0688480801699729,0.04509206502249,0.03524151117083237,0.6401087634645505,0.09398490705151977
2005-01-01,4.303605999999999,0.923325,0.392137,0.197946,0.127355,2.21584,0.447003,0.2145468242213623,0.09111823898377316,0.04599538154747438,0.029592625347208832,0.5148798472722643,0.10386708262791716
2005-02-01,3.737746,1.07318,0.436571,0.189499,0.125542,1.49521,0.417744,0.28711956350163975,0.11680060656877166,0.05069873661827208,0.033587622058855786,0.4000298575665655,0.11176361368589519
2005-03-01,3.1209662000000002,0.810674,0.34672,0.219635,0.0934442,1.35274,0.297753,0.2597509707090067,0.11109380165667924,0.07037403993673497,0.029940792053435247,0.4334362864935865,0.09540410915055728
2005-04-01,2.789396,0.646345,0.324199,0.192685,0.110479,1.27001,0.245678,0.2317150379508682,0.11622551978994736,0.06907767846515876,0.03960678225680398,0.4552992834291008,0.0880756981081209
2005-05-01,2.363607,0.431843,0.256436,0.208102,0.103859,1.18584,0.177527,0.1827050774515391,0.10849350166927074,0.08804424762661475,0.04394089203492797,0.5017077712157731,0.07510851000187425
2005-06-01,2.257134,0.274545,0.220574,0.185848,0.12046,1.33152,0.124187,0.1216343380587949,0.09772304169801171,0.08233804461764344,0.053368563851326496,0.5899162389118235,0.05501977286239984
2005-07-01,2.0316155,0.206225,0.177824,0.157417,0.0831735,1.29648,0.110496,0.10150788867283203,0.08752837335608042,0.07748365770983733,0.040939587239809894,0.6381522487892025,0.05438824423223784
2005-08-01,3.0793253000000003,0.250866,0.198393,0.132994,0.0819033,2.21288,0.202289,0.08146784621942994,0.06442742505963887,0.04318933111743666,0.026597806993629413,0.7186249533298739,0.06569263727999117
2005-09-01,3.3616139,0.191731,0.201425,0.129983,0.0972899,2.50625,0.234935,0.05703540195380558,0.05991913586506767,0.038666843922795534,0.028941426021590402,0.745549630193997,0.06988756204274381
2005-10-01,4.2023150000000005,0.172546,0.191788,0.109522,0.106414,3.28281,0.339235,0.041059749209661815,0.04563865393241581,0.02606230137436151,0.025322709030617643,0.7811908436183389,0.08072574283460425
2005-11-01,3.704351,0.302329,0.201054,0.131316,0.148248,2.59447,0.326934,0.08161456622226133,0.05427509434176189,0.03544912455650126,0.040019965710592756,0.7003844938020182,0.08825675536686453
2005-12-01,4.319958,0.695378,0.348328,0.192144,0.14053,2.54147,0.402108,0.1609686946030494,0.08063226540628406,0.04447821020482144,0.032530408860456515,0.5883089604111892,0.09308146051419945
2006-01-01,3.14777,0.716504,0.299722,0.177755,0.110548,1.52045,0.322791,0.22762272974200784,0.09521724903661957,0.056470136001042004,0.03511946552638852,0.4830244903534884,0.10254592934045371
2006-02-01,3.1474720000000005,0.839611,0.30764,0.204504,0.123741,1.33667,0.335306,0.26675725788823534,0.09774193384405007,0.06497404901457422,0.03931440851578663,0.42468050549774544,0.10653184523960815
2006-03-01,3.1228320000000003,0.752734,0.302905,0.192755,0.158033,1.38745,0.328955,0.2410421053710222,0.09699689256418531,0.061724421934961596,0.05060566818836235,0.4442922321789965,0.105338679762472
2006-04-01,2.883731,0.729826,0.332355,0.200377,0.127411,1.23988,0.253882,0.25308393882785873,0.11525173464515241,0.06948532994235593,0.044182692491081865,0.42995688571506846,0.0880394183784826
2006-05-01,3.009603,0.724214,0.340503,0.199079,0.129051,1.39924,0.217516,0.24063439596518213,0.1131388425649496,0.0661479271518536,0.04287974194603076,0.46492510806242554,0.07227398430955843
2006-06-01,2.5265101000000003,0.453671,0.232204,0.176184,0.0966531,1.41529,0.152508,0.17956429305388485,0.09190701434361967,0.06973413642795252,0.03825557633828576,0.5601758726394958,0.06036310719676125
2006-07-01,2.8013201,0.508488,0.224788,0.166766,0.0966031,1.65574,0.148935,0.18151727822893216,0.08024359658148314,0.05953121887070314,0.03448484876826465,0.5910570519948791,0.05316600555573782
2006-08-01,2.5873352000000005,0.231186,0.210355,0.132573,0.0804282,1.78586,0.146933,0.08935293733877232,0.08130179653567884,0.05123920549606405,0.031085342169812395,0.690231401018314,0.05678931744135819
2006-09-01,3.390395,0.162698,0.17627,0.128812,0.111063,2.58189,0.229662,0.047987918811819866,0.0519909922000239,0.03799321318017518,0.032758129952409676,0.761530736094172,0.06773900976139949
2006-10-01,3.6741260000000002,0.213938,0.167863,0.124257,0.121209,2.7674,0.279459,0.05822826979804176,0.045687872435512554,0.03381947162399983,0.032989886574385306,0.7532131451126063,0.07606135445545417
2006-11-01,4.368593,0.251905,0.206811,0.118988,0.134862,3.28967,0.366357,0.057662730311567136,0.047340413721305694,0.027237144774072568,0.03087080897671173,0.7530273477066873,0.08386155450965563
2006-12-01,4.11798,0.507765,0.278102,0.180296,0.131091,2.6349,0.385826,0.12330438710241429,0.0675335965691917,0.043782631290098545,0.031833811723223526,0.6398525490653184,0.09369302424975351
2007-01-01,3.7021390000000003,0.627269,0.306555,0.176001,0.116695,2.09493,0.380689,0.16943421087106667,0.08280483255761062,0.04754035437351217,0.031520966662786025,0.5658701631678336,0.10282947236719096
2007-02-01,3.1913239999999994,0.605999,0.285945,0.194871,0.112144,1.66603,0.326335,0.18988952547594667,0.08960074251313876,0.0610627438643021,0.03514027406806705,0.5220497824727293,0.10225693160581628
2007-03-01,3.462503,0.526027,0.295134,0.21854,0.139174,1.95098,0.332648,0.15192102360633336,0.0852371824659791,0.06311619080185635,0.04019462221404573,0.5634594396019296,0.0960715413098559
2007-04-01,2.6946149999999998,0.747719,0.281587,0.197905,0.147398,1.09117,0.228836,0.27748639416020476,0.1044999007279333,0.07344462938119176,0.05470094985740078,0.40494467669778433,0.0849234491754852
2007-05-01,2.658943,0.386393,0.257607,0.155605,0.102478,1.54279,0.21407,0.1453182712077694,0.09688323518029532,0.05852137484707269,0.038540878837944256,0.5802268044106249,0.08050943551629351
2007-06-01,2.5565811,0.23262,0.208552,0.149081,0.0941111,1.70841,0.163807,0.09098870362453983,0.08157456847349767,0.05831264261477956,0.0368113102299004,0.6682400961189927,0.0640726789382899
2007-07-01,2.6422572,0.380965,0.200658,0.129521,0.0819562,1.68869,0.160467,0.1441816489325869,0.07594188786769131,0.04901907354060763,0.031017495193125032,0.6391088649507701,0.06073102951521903
2007-08-01,2.8859917999999998,0.279195,0.236334,0.136568,0.0776038,1.98367,0.172621,0.09674143911289008,0.08189004556423203,0.04732099377413339,0.026889819991865536,0.6873442952956416,0.059813406261237476
2007-09-01,3.1285421,0.228293,0.194316,0.130487,0.0879481,2.27778,0.209718,0.07297104935874124,0.062110719238842906,0.04170856450996775,0.02811152836971572,0.7280643594343831,0.06703377908834916
2007-10-01,3.9404969999999997,0.203573,0.199294,0.125381,0.102049,3.0016,0.3086,0.05166175738745646,0.05057585375651853,0.03181857516957887,0.02589749465613094,0.7617313247542125,0.07831499427610274
2007-11-01,3.7381580000000003,0.284061,0.207854,0.137601,0.129559,2.64764,0.331443,0.0759895649140566,0.05560332120793182,0.03680984056853669,0.03465851363158005,0.7082739680880262,0.08866479158986858
2007-12-01,3.5524129999999996,0.618106,0.292972,0.176904,0.172323,1.96244,0.329668,0.1739960978636212,0.08247126671363944,0.049798263884294994,0.048508717877116206,0.5524245069478128,0.0928011467135156
2008-01-01,5.696845000000001,0.792187,0.444504,0.145466,0.120769,3.58221,0.611709,0.13905714478803616,0.07802634616177902,0.025534484438316296,0.0211992778458954,0.6288059443428774,0.10737680242309557
2008-02-01,4.050677,0.794878,0.371447,0.163261,0.115701,2.12602,0.47937,0.19623337037240934,0.09169998002802988,0.040304620684394235,0.02856337348053177,0.5248554747761917,0.11834318065844301
2008-03-01,2.9037930000000003,0.671915,0.320974,0.196909,0.116098,1.30613,0.291767,0.23139218256948754,0.11053611603857436,0.06781096310928499,0.039981500058716306,0.4498013460325856,0.1004778921913511
2008-04-01,2.478647,0.7534,0.323779,0.229831,0.114311,0.862761,0.194565,0.303956150270692,0.1306273140144603,0.092724377452699,0.04611830567240918,0.34807739867758497,0.07849645391215448
2008-05-01,2.321676,0.470059,0.252955,0.213097,0.151379,1.09081,0.143376,0.20246537415212112,0.10895361798976255,0.0917858478099442,0.06520246580487545,0.4698373071867048,0.06175538705659187
2008-06-01,2.4865450000000004,0.273206,0.199363,0.162735,0.102075,1.57065,0.178516,0.10987374047121606,0.08017671105891909,0.06544623161857113,0.0410509361382963,0.6316595919237334,0.0717927887892638
2008-07-01,2.3731882,0.204206,0.181385,0.146049,0.0908322,1.6112,0.139516,0.08604711585874227,0.07643093792561416,0.06154126335197521,0.03827433492211026,0.6789179214695236,0.05878842647203454
2008-08-01,2.7093358999999997,0.17584,0.184584,0.140973,0.0879879,1.96033,0.159621,0.06490151331918645,0.06812887246649632,0.052032307991046814,0.03247581815159944,0.7235463125853092,0.05891517548636182
2008-09-01,3.2148203000000004,0.163714,0.174092,0.115451,0.0870713,2.44363,0.230862,0.05092477486222169,0.05415294907774471,0.035912116145341,0.027084344341112936,0.7601140256579816,0.07181178991559807
2008-10-01,3.5792886,0.190728,0.184,0.130257,0.0984396,2.70043,0.275434,0.05328656649815833,0.05140686336385392,0.03639186848470392,0.02750256014561106,0.7544599784437611,0.07695216306391164
2008-11-01,4.095883000000001,0.285914,0.218115,0.166388,0.157909,2.93448,0.333077,0.06980521660408756,0.053252253543375136,0.04062323069286891,0.038553103201434215,0.7164462461452146,0.08131994981301956
2008-12-01,3.599374,0.521242,0.246635,0.184923,0.145358,2.17784,0.323376,0.14481462609887163,0.06852163737360996,0.05137643379098699,0.040384244593643225,0.60506076890037,0.08984228924251828
2009-01-01,3.633563,0.760197,0.325377,0.194725,0.117049,1.86511,0.371105,0.2092153073993763,0.08954764235545111,0.053590649178230844,0.03221328486667219,0.5133005812751836,0.10213253492508594
2009-02-01,3.4890463,0.584343,0.332615,0.162535,0.0904293,1.92937,0.389754,0.16747929083084967,0.09533120841646613,0.04658436318256941,0.025918056748057486,0.5529791909038295,0.11170788991822779
2009-03-01,3.294683,0.629175,0.33043,0.167278,0.103574,1.70553,0.358696,0.1909667788980002,0.10029189454645561,0.05077210766559332,0.031436711817191515,0.5176613349448187,0.10887117212794069
2009-04-01,2.857883,0.620312,0.347833,0.30272,0.188361,1.18239,0.216267,0.21705297242749264,0.12171002101905501,0.10592456024266912,0.06590927620199986,0.41372932341876834,0.07567384669001494
2009-05-01,2.635376,0.366534,0.266483,0.229102,0.171448,1.4089,0.192909,0.13908224101608274,0.10111763938049069,0.0869333256430961,0.06505637146274383,0.5346106210271324,0.07319980147045431
2009-06-01,2.6505115,0.255135,0.218445,0.166774,0.0980525,1.74463,0.167475,0.09625877873006776,0.08241616759633,0.06292143988056645,0.03699380289427154,0.6582238937654109,0.06318591713335332
2009-07-01,2.611541,0.396447,0.195773,0.173484,0.100676,1.60548,0.139681,0.15180577291338715,0.07496455158084825,0.06642974397108833,0.03855041908206688,0.6147634672402233,0.0534860452123861
2009-08-01,2.7889317,0.293056,0.211272,0.1452,0.0965557,1.89075,0.152098,0.10507822762386042,0.07575373753326407,0.05206294582258863,0.03462103428348568,0.6779477604274067,0.05453629430939453
2009-09-01,3.3548034,0.150847,0.184768,0.122456,0.0977004,2.55277,0.246262,0.044964482866566784,0.055075656594362574,0.03650169187261465,0.02912254113013001,0.7609298357095978,0.07340579182672821
2009-10-01,3.95973,0.17839,0.175801,0.115427,0.12979,3.0345,0.325822,0.04505105146057938,0.04439721900230572,0.029150219838221293,0.03277748735393574,0.7663401292512368,0.08228389309372104
2009-11-01,3.4702080000000004,0.322705,0.1853,0.173174,0.145123,2.34927,0.294636,0.0929929848585445,0.05339737560399837,0.049903060565821986,0.041819683431079634,0.6769824748257165,0.08490442071483899
2009-12-01,4.008127,0.668315,0.283123,0.15298,0.128298,2.36809,0.407321,0.16673997605365298,0.07063723280225402,0.038167453276804854,0.032009464769953644,0.5908220972040058,0.10162377589332873
2010-01-01,3.3586439999999995,0.807213,0.292805,0.194115,0.120755,1.60414,0.339616,0.2403389582224255,0.0871795284049158,0.05779564610003324,0.03595349789974764,0.4776153709651872,0.10111699840769073
2010-02-01,2.90831,0.693799,0.287275,0.189084,0.107762,1.31409,0.3163,0.2385574440138775,0.09877729678060454,0.06501507748486234,0.03705313395064487,0.45183972822704593,0.10875731954296482
2010-03-01,3.669665,0.666812,0.364611,0.168047,0.113925,1.96681,0.38946,0.18170922958907693,0.09935811579531102,0.04579355336250039,0.031045068146547436,0.535964454521053,0.1061295785855112
2010-04-01,3.040708,0.785242,0.357086,0.202584,0.122966,1.28732,0.28551,0.2582431460041543,0.11743514997165135,0.06662395731520422,0.04043992385983791,0.4233619275510835,0.09389589529806873
2010-05-01,2.725282,0.659709,0.305177,0.219125,0.139792,1.22231,0.179169,0.2420699949583199,0.11197997124701223,0.08040452327502254,0.05129450823804656,0.44850771406408585,0.06574328821751291
2010-06-01,2.5907310000000003,0.305906,0.263047,0.197426,0.101231,1.56634,0.156781,0.11807709870303014,0.10153389139976321,0.0762047468455814,0.03907429987906887,0.6045938385729741,0.06051612459958212
2010-07-01,2.440959,0.215408,0.196002,0.160359,0.101914,1.6272,0.140076,0.08824728313748817,0.08029712912015319,0.06569508131844902,0.041751623030128734,0.6666232411113829,0.05738564228239803
2010-08-01,2.7233419999999997,0.230274,0.197202,0.141963,0.093404,1.90406,0.156439,0.0845556672647064,0.07241176466268284,0.05212823068127324,0.03429756527090612,0.6991630136795159,0.057443758440915614
2010-09-01,3.5028110000000003,0.200351,0.200001,0.123017,0.106725,2.62738,0.245337,0.05719720533023334,0.05709728558006698,0.035119508303473976,0.03046838667572986,0.7500775805488791,0.07004003356161664
2010-10-01,3.598579,0.218785,0.191862,0.134862,0.111571,2.65019,0.291309,0.060797609278551344,0.053316045027773463,0.03747645945802496,0.031004182484252813,0.7364545838788032,0.08095111987259415
2010-11-01,3.8491580000000005,0.36121,0.235003,0.165269,0.158317,2.57458,0.354779,0.09384130243549367,0.06105309265039262,0.042936403234161855,0.041130293950001534,0.668868360301136,0.0921705474288143
2010-12-01,4.159901,0.423597,0.270652,0.167101,0.142343,2.76137,0.394838,0.10182862524853357,0.06506212527653904,0.04016946557141625,0.03421788162747143,0.6638066627066366,0.09491523956940323
2011-01-01,4.49268,1.27445,0.437269,0.185905,0.1254,1.94212,0.527536,0.28367255179536494,0.09732921107223307,0.04137953292912026,0.027912070301023,0.4322854064834353,0.1174212274188235
2011-02-01,3.40339,0.769746,0.33842,0.216497,0.119069,1.59047,0.369188,0.22617037718275015,0.09943615042648654,0.06361216316672494,0.03498541160431217,0.46731934923708424,0.10847654838264202
2011-03-01,3.3817679999999997,0.662711,0.351346,0.201101,0.114138,1.67625,0.376222,0.1959658379877035,0.10389417606411795,0.05946623186451584,0.033750984692030916,0.49567267772360496,0.11125009166802691
2011-04-01,2.961458,0.758112,0.359062,0.255877,0.162242,1.17252,0.253645,0.25599282515571725,0.12124500837087678,0.08640237342552216,0.05478450141788268,0.3959266010188225,0.08564869061117869
2011-05-01,2.859852,0.582229,0.329516,0.299258,0.17014,1.28161,0.197099,0.2035871087035273,0.11522134711866207,0.10464107932858065,0.05949258912698979,0.44813857500318194,0.06891930071905819
2011-06-01,2.7294913,0.460061,0.276071,0.169628,0.0904333,1.5621,0.171198,0.16855192027906446,0.10114375524845967,0.062146378704339526,0.0331319246190673,0.5723044436888295,0.06272157746023957
2011-07-01,1.9892986000000001,0.199858,0.156781,0.128649,0.0855826,1.29961,0.11881800000000001,0.10046656645714223,0.07881220044089912,0.06467053261888386,0.04302149511390597,0.6533006156039117,0.05972858976525696
2011-08-01,2.788156,0.197728,0.178346,0.158161,0.121665,1.95968,0.172576,0.07091712228440589,0.06396557437962583,0.056726022503762345,0.04363636754901806,0.7028588070394914,0.061896106243696555
2011-09-01,3.50113,0.170152,0.189577,0.123373,0.103561,2.65632,0.258147,0.048599166554798026,0.054147375275982325,0.0352380517147321,0.029579307252229996,0.7587036185460123,0.07373248065624528
2011-10-01,3.8478049999999997,0.221686,0.191698,0.130259,0.122734,2.86695,0.314478,0.057613626470156366,0.04982009223440378,0.03385280698995922,0.03189714655498395,0.7450871340933338,0.08172919365716298
2011-11-01,4.085208,0.301276,0.221559,0.148558,0.124027,2.94174,0.348048,0.07374801968467701,0.05423444779311115,0.036364855840877626,0.03036002083614837,0.7200955251238126,0.08519713072137332
2011-12-01,4.410978,0.872234,0.389041,0.233202,0.148341,2.3437,0.42446,0.19774163462161903,0.08819835419718712,0.052868547519393655,0.03362995689391332,0.5313334140410585,0.09622809272682838
2012-01-01,5.181923,1.02477,0.440898,0.179285,0.101229,2.92661,0.509131,0.19775863130347554,0.08508385786512072,0.03459815979511853,0.01953502589675686,0.5647729616978099,0.09825136344171845
2012-02-01,3.1084433000000002,0.22804,0.0807023,0.1278,0.13008,2.04096,0.500861,0.0733614796834158,0.025962287940075986,0.04111382697570838,0.041847313090767974,0.6565858865754444,0.16112920573458744
2012-03-01,3.2842237,0.18532,0.0569984,0.0847449,0.0960054,2.27198,0.589175,0.05642733776021408,0.017355212435742423,0.025803632072930963,0.029232296204427244,0.6917860071468336,0.17939551437985177
2012-04-01,2.2575216,0.254619,0.0901946,0.105811,0.101867,1.33334,0.37169,0.11278696070947891,0.03995292891106778,0.046870426400349836,0.04512337777853377,0.5906211484310936,0.16464515776947605
2012-05-01,1.5181171,0.150969,0.0953479,0.10018,0.0817852,0.876104,0.213731,0.09944489789358146,0.06280668335795704,0.06598963940265215,0.05387278754715299,0.5770990920265637,0.1407868997720927
2012-06-01,1.6195363,0.150109,0.104686,0.116418,0.0701923,0.984779,0.193352,0.09268640659675241,0.0646394897107277,0.07188353851654945,0.04334098593529518,0.6080623200603777,0.11938725918029747
2012-07-01,1.7874497000000003,0.131691,0.132273,0.144017,0.0740617,1.13498,0.170427,0.07367535992761082,0.0740009634956441,0.08057121831176563,0.04143428483609916,0.6349717141690756,0.0953464592598046
2012-08-01,2.1192686,0.109092,0.125143,0.140476,0.0775856,1.45587,0.211102,0.05147624987224366,0.059050089261927445,0.06628513252166338,0.03660961144802505,0.6869681360824201,0.09961078081372036
2012-09-01,2.5961082,0.10361,0.0973881,0.119618,0.0699451,1.9091,0.296447,0.039909738738932374,0.03751311289722054,0.04607589159804664,0.026942290001626276,0.7353699664752031,0.114189000288971
2012-10-01,2.9980346,0.100944,0.0844878,0.101703,0.0780598,2.26671,0.36613,0.03367005837757843,0.028181062353316404,0.03392322423497047,0.026036991034059445,0.7560653235956649,0.12212334040441028
2012-11-01,3.4134149,0.141344,0.0821675,0.109465,0.0855314,2.57192,0.422987,0.04140838548516326,0.024071934531017605,0.03206905788100943,0.025057428559299953,0.7534741821159802,0.12391901142752966
2012-12-01,3.1509333,0.211309,0.0850856,0.117557,0.0899347,2.22201,0.425037,0.06706235260517891,0.027003300895007836,0.03730862852603068,0.028542241754212952,0.7051910619624985,0.13489241425707107
2013-01-01,2.9634400000000003,0.287009,0.103654,0.140113,0.115128,1.85308,0.464456,0.0968499446589099,0.0349775936074292,0.047280525335420986,0.038849445239316466,0.6253138244742596,0.15672866668466376
2013-02-01,3.4569669000000003,0.215901,0.0684288,0.0861891,0.104328,2.39667,0.58545,0.06245388117543156,0.019794462018135027,0.024932000361357235,0.030179056675376324,0.6932869389058945,0.1693536608638052
2013-03-01,3.4735481999999998,0.216378,0.0766102,0.100616,0.104882,2.42869,0.546372,0.062293075420689424,0.02205531508098837,0.028966346285334402,0.03019448528164947,0.6991957100235431,0.15729506790779527
2013-04-01,2.4395870000000004,0.267174,0.108885,0.104302,0.130943,1.44262,0.385663,0.10951607792630473,0.044632554608628416,0.042753957944520936,0.05367424896099216,0.5913377961105711,0.15808536444898252
2013-05-01,1.8348809,0.219329,0.10422,0.114264,0.0836639,1.03156,0.281844,0.11953309885126605,0.056799326866392254,0.062273251631754414,0.045596365409874835,0.5621945271761236,0.15360343006458893
2013-06-01,1.6688105,0.178876,0.114108,0.129971,0.0728025,0.975312,0.197741,0.1071877244300656,0.06837684686188156,0.07788241984335549,0.04362538466770194,0.5844354406926371,0.11849218350435835
2013-07-01,1.9265616,0.131493,0.129978,0.140491,0.0772026,1.26162,0.185777,0.06825268395259201,0.06746630888937058,0.07292318086273493,0.04007273891475881,0.6548557803705835,0.09642930700996012
2013-08-01,2.1507823000000004,0.115986,0.130441,0.147005,0.0735373,1.47282,0.210993,0.05392735471181811,0.060648165088581944,0.06834954890599573,0.03419095461218924,0.6847833925358228,0.09810058414559204
2013-09-01,2.5283719,0.0939267,0.0959453,0.113971,0.0713529,1.87537,0.277806,0.03714908396189659,0.037947463345878826,0.045076833831288826,0.028220887916053806,0.7417302810555678,0.10987544988931415
2013-10-01,3.1680730000000006,0.0985019,0.0865162,0.102599,0.0803029,2.446,0.354153,0.03109205501262123,0.027308777291432357,0.03238530172758013,0.025347553544378548,0.7720781686533106,0.11178814377067697
2013-11-01,3.4351555,0.135919,0.0786687,0.104835,0.0756608,2.61751,0.422562,0.03956705890024484,0.02290105935524607,0.030518269114746043,0.022025436694204963,0.7619771506704718,0.12301102526508625
2013-12-01,3.035549,0.213825,0.100433,0.144467,0.101529,2.04484,0.430455,0.07044030585571176,0.03308561317903285,0.04759172064097796,0.03344666813153074,0.6736310301695015,0.1418046620232452
2014-01-01,3.3233374999999996,0.226677,0.0914235,0.124906,0.110625,2.27478,0.494926,0.06820763765341317,0.027509544245807118,0.037584506538983785,0.03328732035190528,0.6844866042043578,0.14892438700553284
2014-02-01,3.2677453,0.21676,0.0739153,0.107334,0.1052,2.22838,0.536156,0.06633319922455401,0.02261966377856928,0.032846501225171985,0.03219345155205334,0.6819319730947206,0.16407521112493068
2014-03-01,2.8799823,0.220017,0.0804533,0.111707,0.104211,1.85839,0.505204,0.07639526117920933,0.027935345297087417,0.038787391158619275,0.03618459738450476,0.6452782713282648,0.17541913365231446
2014-04-01,1.8179876,0.242861,0.099388,0.126766,0.0954466,0.920511,0.333015,0.13358781985091647,0.054669239768192046,0.06972874842490674,0.052501238182262634,0.5063351367193044,0.18317781705441777
2014-05-01,2.3199351,0.217137,0.111898,0.120015,0.0978201,1.44324,0.329825,0.09359615275444559,0.048233245835196,0.05173205060779502,0.04216501573686264,0.6221036097087371,0.14216992535696366
2014-06-01,1.5737012000000001,0.157189,0.127437,0.14938,0.0834412,0.882741,0.173513,0.09988490826594018,0.0809791591948967,0.09492272103497157,0.05302226369275183,0.5609330411643583,0.1102579066470814
2014-07-01,1.6943453,0.148383,0.122637,0.147793,0.0687553,1.04501,0.161767,0.0875754192489571,0.07238016949673717,0.08722720215294959,0.04057927271377328,0.6167633008454653,0.09547463554211766
2014-08-01,1.9154054,0.113034,0.122417,0.145418,0.0734354,1.27487,0.186231,0.059013094564732874,0.06391179642701227,0.07592022033560102,0.03833935103242374,0.6655875565559124,0.09722798108431771
2014-09-01,2.433257,0.0986123,0.100701,0.130565,0.0695747,1.78058,0.253224,0.04052687406221374,0.04138527085301717,0.05365853257588491,0.02859323943175752,0.7317681609464188,0.10406792213070795
2014-10-01,3.1808142,0.104513,0.0904355,0.120727,0.0806507,2.4356,0.348888,0.03285731055903863,0.02843155692652529,0.03795474756117475,0.02535536341607127,0.7657158975208297,0.10968512401636034
2014-11-01,2.9330227000000004,0.127276,0.0889086,0.124978,0.0881471,2.15348,0.350233,0.043394140795432634,0.0303129600735787,0.04261064873449496,0.030053330306649174,0.734218661178449,0.1194102589113954
2014-12-01,3.733875,0.233295,0.103104,0.121217,0.116115,2.6666,0.493544,0.062480666867530385,0.027613136486893643,0.032464129088413514,0.03109772019684644,0.7141642395634562,0.13218010779685982
2015-01-01,3.5501067,0.246663,0.0958237,0.126007,0.111963,2.44232,0.52733,0.06948044688346973,0.02699178027522384,0.03549386276192769,0.031537925324892344,0.6879567873269837,0.14853919742750266
2015-02-01,3.5499859999999996,0.244015,0.091027,0.122033,0.119406,2.40819,0.565315,0.06873689079337215,0.025641509572150428,0.03437562852360545,0.03363562560528408,0.6783660555281064,0.15924428997748163
2015-03-01,3.0530245,0.247954,0.0940475,0.121648,0.127825,2.00081,0.46074,0.08121585660383662,0.030804698750370334,0.039845078216699546,0.041868317794370793,0.6553534044682576,0.1509126441664651
2015-04-01,2.191938,0.305159,0.111426,0.146279,0.104333,1.15974,0.365001,0.13921881002108638,0.05083446703328288,0.06673500801573767,0.04759851784128931,0.52909343238723,0.16651976470137386
2015-05-01,1.9311347000000003,0.21095,0.11796,0.149906,0.0976317,1.09403,0.260657,0.10923629511706251,0.06108325845939176,0.0776258642134078,0.05055664941446083,0.5665218485277075,0.1349760842679695
2015-06-01,2.0510496000000003,0.167359,0.13439,0.152466,0.0966276,1.26018,0.240027,0.08159675904473494,0.06552255001536773,0.0743355987100458,0.047111293651796615,0.6144073746436945,0.11702642393436022
2015-07-01,1.9794930000000002,0.153812,0.125747,0.163858,0.074874,1.25604,0.205162,0.07770272488965609,0.06352485207070699,0.08277776178041549,0.037824836965829126,0.6345261135048217,0.10364371078857061
2015-08-01,1.8661573,0.144707,0.13578,0.168058,0.0698763,1.16567,0.182066,0.07754276662530002,0.07275913986457627,0.09005564536279981,0.037443949660620784,0.624636519118726,0.09756197936797718
2015-09-01,2.2832138,0.109307,0.101873,0.146262,0.0714868,1.59883,0.255455,0.04787418506317718,0.04461824819033593,0.06405970391384284,0.03130972666685879,0.7002541768098984,0.11188395935588687
2015-10-01,2.9681426,0.11587,0.0921487,0.127731,0.0830299,2.19963,0.349733,0.03903788180527445,0.031045914033914677,0.04303398360981713,0.027973689673804755,0.7410796233307658,0.11782890754642314
2015-11-01,2.2290999,0.142589,0.0990864,0.135166,0.0912175,1.48134,0.279701,0.06396707478206787,0.04445130521068168,0.06063703111735818,0.040921225648074364,0.6645462592322579,0.12547710400956008
2015-12-01,3.2736927,0.192627,0.0932366,0.12606,0.0996271,2.32984,0.432302,0.058840892427074784,0.028480559583372016,0.038506974096866216,0.03043263651472235,0.7116856142300712,0.13205332314789353
2016-01-01,3.9812906000000003,0.249588,0.0927436,0.122828,0.121685,2.81678,0.577666,0.06269022411978668,0.023294858205025273,0.030851302338995298,0.030564209505329752,0.7075042449802583,0.14509516085060456
2016-02-01,3.5544461000000003,0.248482,0.0895391,0.121972,0.118415,2.42874,0.547298,0.0699073760043794,0.02519073224939323,0.034315332563349316,0.03331461405477495,0.6832963369454385,0.1539756081826645
2016-03-01,2.8501883,0.276177,0.0984963,0.13735,0.119601,1.71219,0.506374,0.09689780847111049,0.03455782202179414,0.04818979854769595,0.041962490688773085,0.6007287307999967,0.1776633494706297
2016-04-01,2.4011965,0.224895,0.0920625,0.113,0.103162,1.43822,0.429857,0.09365955680844945,0.03834026078248906,0.04705987202630022,0.042962747946700734,0.5989597269527921,0.17901783548326844
2016-05-01,1.3629311,0.336238,0.196135,0.0768151,0.114852,0.319008,0.319883,0.2467021260282343,0.14390676095071864,0.05636022246465724,0.08426838304592213,0.23406025440317565,0.23470225310729206
2016-06-01,1.3161161,0.316364,0.176156,0.0676961,0.108418,0.405821,0.241661,0.24037696978252907,0.13384533476947819,0.0514362676666595,0.08237723100568407,0.30834741707057606,0.18361677970507315
2016-07-01,1.3788574000000002,0.353306,0.198942,0.0792694,0.120366,0.426584,0.20039,0.25623099241444397,0.14428032949600153,0.05748919358883666,0.08729401604545907,0.30937499410743996,0.1453304743478187
2016-08-01,1.3082866,0.257231,0.165668,0.0825286,0.131326,0.452477,0.219056,0.19661670462725828,0.1266297461122051,0.06308143796626825,0.10038014606279695,0.34585464683349965,0.16743731839797182
2016-09-01,1.0880407,0.26032,0.135999,0.0652597,0.103669,0.305516,0.217277,0.2392557557819298,0.12499440508061876,0.05997909820836665,0.09528044309371882,0.28079464306803964,0.19969565476732623
2016-10-01,1.0889423999999999,0.219913,0.102616,0.0712884,0.103442,0.302378,0.289305,0.20195099391850296,0.09423455271830725,0.06546572160290573,0.0949930868703432,0.2776804356226739,0.26567520926726707
2016-11-01,1.0741241,0.260755,0.122041,0.0770341,0.114715,0.200533,0.299046,0.24276058976797935,0.11361908740340153,0.07171806311766024,0.10679864645062895,0.18669444247643266,0.2784091707838973
2016-12-01,1.3155583999999998,0.470658,0.186221,0.0679264,0.125413,0.172362,0.292978,0.35776290889100787,0.14155281893985097,0.05163313160403978,0.09533062158243984,0.13101812887972136,0.22270239010294038
2017-01-01,1.4887400000000002,0.528391,0.182993,0.05564,0.124195,0.167466,0.430055,0.3549249701089512,0.12291803807246394,0.03737388664239558,0.08342289452825878,0.1124884130204065,0.2888717976275239
2017-02-01,1.534147,0.566978,0.182012,0.045302,0.117012,0.145209,0.477634,0.36957214660655074,0.11864052141026904,0.029529112920730547,0.07627170016954048,0.09465129482376852,0.3113352240691407
2017-03-01,1.5253145,0.452465,0.153369,0.0475175,0.116735,0.169124,0.586104,0.29663718531489736,0.10054909987415711,0.031152591809754646,0.0765317578768182,0.11087811726696364,0.38425124785740905
2017-04-01,1.4968724,0.353391,0.151,0.0704084,0.114657,0.278937,0.528479,0.23608625558197213,0.1008770019408468,0.0470370086321319,0.07659771133464682,0.18634654496936412,0.3530554775410383
2017-05-01,1.5628673,0.383047,0.152933,0.0564543,0.112456,0.429322,0.428655,0.24509246562392087,0.09785411723695289,0.03612226066794027,0.0719549254117736,0.2747015053677302,0.2742747256916822
2017-06-01,1.37004,0.33242,0.165164,0.06487,0.11102,0.427868,0.268698,0.24263525152550292,0.12055414440454294,0.04734898251145952,0.08103413039035356,0.3123032904148784,0.19612420075326267
2017-07-01,1.4310960000000001,0.353737,0.192127,0.073848,0.118259,0.490155,0.20297,0.24717908512077455,0.13425165048326596,0.051602408224186214,0.08263526695623494,0.3425032282949571,0.14182836092058115
2017-08-01,1.1954794000000002,0.285613,0.151015,0.0727434,0.112534,0.388928,0.184646,0.23891085032498258,0.12632170826197422,0.060848727297183026,0.09413294783665865,0.3253322474649082,0.15445351881429323
2017-09-01,1.1939777999999999,0.178979,0.0901884,0.0566177,0.0894957,0.507655,0.271042,0.1499014470788318,0.07553607780647179,0.047419390879796935,0.07495591626577983,0.42517959714158843,0.22700757082753134
2017-10-01,1.1008142,0.254756,0.109323,0.0714322,0.108485,0.266075,0.290743,0.23142506700949167,0.0993110372304427,0.0648903329917074,0.0985497825155235,0.24170745617198613,0.26411632408084845
2017-11-01,1.2669112,0.360915,0.128156,0.0739972,0.112263,0.244889,0.346691,0.2848778983088949,0.10115626099129915,0.05840756637087114,0.0886115775122992,0.1932961047309393,0.2736505920856963
2017-12-01,1.6279510000000001,0.706311,0.206655,0.06083,0.134895,0.162857,0.356403,0.43386502419298856,0.12694178141725396,0.03736598951688349,0.08286183060792368,0.10003802325745675,0.21892735100749347
2018-01-01,1.8016173,0.782131,0.184463,0.0539643,0.130536,0.17713,0.473393,0.4341271589698878,0.10238744932122931,0.02995325366824575,0.07245489927300322,0.09831721753559983,0.2627600212320341
2018-02-01,1.5360867,0.567751,0.117798,0.0383417,0.107182,0.174523,0.530491,0.3696086946133965,0.07668707762393881,0.02496063535997024,0.06977600938801176,0.11361533173876188,0.34535225127592084
2018-03-01,1.6396589000000001,0.586843,0.144875,0.0659649,0.122029,0.168994,0.550953,0.3579055375480839,0.0883567917693125,0.04023086752982587,0.07442340599011171,0.10306655853848626,0.3360168386241797
2018-04-01,1.6304341,0.448184,0.129403,0.0686791,0.121903,0.276078,0.586187,0.27488630175239837,0.07936720656173714,0.04212319896891264,0.07476720463586967,0.169327910891952,0.3595281771891302
2018-05-01,1.5927028,0.514879,0.145791,0.0720488,0.120585,0.349952,0.389447,0.3232737457358648,0.09153685169637424,0.04523681379853165,0.07571092359478492,0.21972209755643046,0.24451956761801383
2018-06-01,1.3818016,0.44103,0.163568,0.0695036,0.11275,0.344019,0.250931,0.31917027741174997,0.11837299942336149,0.05029926148587467,0.08159637389332883,0.24896410599032454,0.18159698179536052
2018-07-01,1.3122158,0.414515,0.182771,0.0797428,0.129663,0.335911,0.169613,0.3158893529555124,0.13928425492209437,0.060769577686840846,0.09881225328943609,0.25598762032891237,0.129256940817204
2018-08-01,1.2116056,0.323637,0.134969,0.0678956,0.111053,0.350119,0.223932,0.2671141500171343,0.11139681097545275,0.05603770731993976,0.09165771435853384,0.2889710975254654,0.184822519803474
2018-09-01,1.2795196,0.311539,0.103673,0.0677006,0.100412,0.407015,0.28918,0.24348122529736943,0.08102494092314022,0.05291095189163183,0.07847632814690764,0.31809985560205567,0.22600669813889526
2018-10-01,1.3470119999999999,0.39264,0.115775,0.080134,0.122069,0.294703,0.341691,0.2914896081103955,0.08594949413962163,0.059490190139360306,0.0906220583038607,0.2187827576888699,0.2536658916178921
2018-11-01,1.5454827,0.61315,0.158958,0.0960047,0.142426,0.190191,0.344753,0.3967368900344209,0.10285330272542034,0.062119556563137196,0.09215632112866744,0.12306252279627589,0.22307140675207815
2018-12-01,1.8411148,0.859559,0.17512,0.0848978,0.152146,0.159595,0.409797,0.46686876885678175,0.09511628498125158,0.04611217073481784,0.08263797564388707,0.08668389391036344,0.22258090587289833
2019-01-01,2.0112617999999998,0.933063,0.165575,0.0591308,0.15008,0.165369,0.538044,0.46391921727942137,0.08232394211434832,0.029399852371282547,0.0746198232373329,0.0822215188495103,0.26751564614810464
2019-02-01,1.8435954000000003,0.830717,0.152948,0.0485944,0.125401,0.145852,0.540083,0.45059615575087675,0.08296180387518866,0.02635849492790012,0.06801980521322629,0.07911280316711572,0.2929509370656923
2019-03-01,2.0727725,0.862823,0.16229,0.0612355,0.134036,0.191545,0.660843,0.41626517140689584,0.07829609858293661,0.02954279835341312,0.06466508022467492,0.09241004500011457,0.31882080643196486
2019-04-01,1.956083,0.73981,0.208864,0.11069,0.154555,0.240467,0.501697,0.37820992258508457,0.10677665518283222,0.05658757833895596,0.07901249589102302,0.12293292258048354,0.25648042542162064
2019-05-01,1.4997054,0.36716,0.136568,0.0609104,0.121989,0.345089,0.467989,0.24482141625948667,0.09106321814937786,0.0406149101016773,0.08134197556400076,0.23010452586221264,0.31205395406324465
2019-06-01,1.3732566,0.474803,0.189232,0.0756706,0.117328,0.304248,0.211975,0.34574965814837516,0.1377979905576278,0.05510303027125448,0.08543778344120101,0.22155218478469357,0.154359352796848
2019-07-01,1.3895714,0.468244,0.191032,0.0703714,0.115633,0.357425,0.186866,0.3369700902019141,0.13747548344762997,0.05064252185961801,0.0832148675483678,0.25721960023068985,0.13447743671178036
2019-08-01,1.2291852,0.324832,0.131183,0.0619122,0.101375,0.399332,0.210551,0.26426611709935977,0.1067235433684037,0.050368488003272406,0.08247333274107108,0.3248753727265834,0.17129314606130955
2019-09-01,1.1904228,0.309055,0.116183,0.0727768,0.110063,0.326875,0.25547,0.2596178433410382,0.09759809707945782,0.06113525379386216,0.09245706651451904,0.27458731469188935,0.21460442457923354
2019-10-01,1.2330455,0.334864,0.113368,0.0854885,0.11919,0.269409,0.310726,0.2715747310216857,0.09194145714817498,0.06933118039845244,0.09666309961797842,0.21849072073982673,0.2519988110738817
2019-11-01,1.2145318,0.331607,0.114192,0.0830648,0.120624,0.223665,0.341379,0.27303278514403656,0.09402141631861759,0.06839244554979951,0.09931728424072551,0.18415738476341253,0.28107868398340824
2019-12-01,1.5558071999999998,0.710758,0.202278,0.0771632,0.139654,0.13536,0.290594,0.45684195316746196,0.13001482445896897,0.04959689092581652,0.08976305033168636,0.08700306824650254,0.1867802128695638
2020-01-01,1.8020823,0.922619,0.223956,0.0686353,0.143217,0.10599,0.337665,0.5119738427040763,0.1242762331109961,0.03808666230171619,0.07947306291172164,0.05881529384090838,0.18737490513058144
2020-02-01,1.7550889,0.775803,0.180896,0.0563199,0.132452,0.123215,0.486403,0.4420306002732967,0.10306942286513236,0.03208948560953237,0.07546740224953846,0.07020442098403107,0.27713866801846904
2020-03-01,1.8827976999999998,0.733217,0.164098,0.0605007,0.133609,0.173832,0.617541,0.38942951757376804,0.08715646933284442,0.03213340445444564,0.07096301424205055,0.0923264352829834,0.327991159113908
2020-04-01,1.6706617000000001,0.50025,0.144256,0.0715327,0.127622,0.253387,0.573614,0.29943225489636827,0.08634662541195502,0.042816986826237774,0.07639009142305711,0.1516686472192425,0.3433453942231392
2020-05-01,1.6094191999999998,0.611626,0.191163,0.0778682,0.126555,0.272425,0.329782,0.3800290191641805,0.11877763108579792,0.04838279548299163,0.0786339568957547,0.1692691375870252,0.20490745978425015
2020-06-01,1.4125896999999998,0.460682,0.158837,0.0741497,0.112176,0.346795,0.25995,0.32612583823880353,0.11244383277040745,0.052492029355728706,0.0794115941805324,0.24550299354441,0.18402371191011802
2020-07-01,1.4810881999999999,0.580292,0.200343,0.0857622,0.127034,0.308493,0.179164,0.3918011094815286,0.13526743376930558,0.057904856712787264,0.08577071912395226,0.20828806819202264,0.12096781272040383
2020-08-01,1.4101336999999998,0.496644,0.170155,0.0770597,0.11427,0.367876,0.184129,0.352196391023064,0.1206658631022009,0.05464708771941271,0.08103486924679554,0.26088022717278514,0.1305755617357418
2020-09-01,1.3644602,0.437592,0.138662,0.0996642,0.116727,0.332303,0.239512,0.32070704590723864,0.10162407082302585,0.07304295134442178,0.08554811639064298,0.243541731741241,0.17553608379342983
2020-10-01,1.4162755,0.329886,0.112087,0.0834325,0.122142,0.396719,0.372009,0.23292502059097966,0.07914208782119016,0.05890979544587194,0.08624169520690007,0.2801142856739384,0.26266711526111974
2020-11-01,1.4405947000000001,0.517581,0.16051,0.0893607,0.133191,0.221027,0.318925,0.359282871164249,0.11141926316957851,0.06203042396310357,0.09245556713487839,0.15342760875074715,0.2213842658174433
2020-12-01,1.9778381999999999,1.09658,0.227501,0.0877812,0.15343,0.120579,0.291967,0.5544336235390742,0.11502508142475963,0.044382396901829484,0.07757459634463527,0.06096504759590547,0.14761925419379604
2021-01-01,1.9486704,0.916066,0.165502,0.0519654,0.137841,0.164653,0.512643,0.47009797039047757,0.08493073020455384,0.026667105940542845,0.07073592332495018,0.08449504852128918,0.2630732216181864
2021-02-01,1.8123046999999999,0.757166,0.156841,0.0580507,0.130123,0.154597,0.555527,0.417791776404928,0.0865422905982642,0.032031423854940066,0.07179973654540542,0.08530408821430525,0.3065306843821572
2021-03-01,1.6707143,0.590574,0.132841,0.0673443,0.128896,0.165841,0.585218,0.3534859311373585,0.07951149996142368,0.04030868712861319,0.07715023448353797,0.09926353057491637,0.3502801167141504
2021-04-01,1.844579,0.603847,0.149329,0.073738,0.132069,0.274285,0.611311,0.3273630459850188,0.08095560016675891,0.039975517448696964,0.07159845146236621,0.14869788716015958,0.3314094977769996
2021-05-01,1.6391535999999998,0.606515,0.184094,0.0761716,0.127347,0.299164,0.345862,0.3700171844786237,0.11231040214901156,0.046470080656260654,0.07769070573984037,0.1825112667903728,0.21100036018589108
2021-06-01,1.5271476,0.603457,0.200741,0.0767956,0.122899,0.318297,0.204958,0.3951530290850734,0.1314483288976128,0.050286953271576375,0.08047617663151879,0.20842582603017548,0.1342096860840432
2021-07-01,1.4840548,0.556155,0.185647,0.0773288,0.111364,0.365203,0.188357,0.3747536816025931,0.12509443721350452,0.052106431649289506,0.07504035565263494,0.24608457854790808,0.12692051533406987
2021-08-01,1.2280584999999997,0.363149,0.143664,0.0723645,0.109891,0.352032,0.186958,0.2957098542129712,0.1169846550469705,0.05892593878874664,0.0894835221612,0.2866573538638429,0.15223867592626902
2021-09-01,1.2612812999999998,0.403521,0.132678,0.0787983,0.107861,0.302703,0.23572,0.3199294241498705,0.10519302870818746,0.062474802409264306,0.08551700560374598,0.23999642268540733,0.18688931644352458
2021-10-01,1.2148455999999999,0.34762,0.104962,0.0801136,0.109042,0.269741,0.303367,0.2861433584646477,0.08639945685278855,0.06594549957624245,0.08975790833007916,0.2220372695921194,0.24971650718412286
2021-11-01,1.3505380000000002,0.492472,0.143758,0.10018,0.134361,0.173293,0.306474,0.3646487547925345,0.10644498710884105,0.074177846162048,0.09948701924714445,0.12831404966020946,0.2269273430292224
2021-12-01,1.8923409,0.998632,0.225515,0.0785629,0.139666,0.145761,0.304204,0.5277230968267926,0.1191725021638543,0.041516251115219255,0.073805940568108,0.07702681900496892,0.16075539032105685
2022-01-01,2.5055959000000003,1.58117,0.341041,0.0809965,0.147492,0.0966794,0.258217,0.6310554706766561,0.13611173294145315,0.032326242232436596,0.05886503885163605,0.03858539200195849,0.10305612329585946
2022-02-01,2.3109746,1.41433,0.297162,0.0717567,0.13395,0.0989489,0.294827,0.6120058610769672,0.12858730684448022,0.031050406179280378,0.057962558307650805,0.042816956966987,0.12757691062463428
2022-03-01,1.6907879000000001,0.566077,0.12907,0.0581959,0.117673,0.19198,0.627792,0.33480071628144487,0.0763371916725924,0.034419397016030216,0.06959654726651403,0.11354469712020059,0.37130145064321785
2022-04-01,1.5912487,0.444551,0.159139,0.0863417,0.138615,0.251928,0.510674,0.2793724199114821,0.1000088798187235,0.0542603428364152,0.08711083314632087,0.15832094631090665,0.32092657797615165
2022-05-01,1.3294872999999998,0.381275,0.161373,0.0798903,0.127439,0.259309,0.320201,0.28678348412955884,0.12137987327897003,0.060091059162430516,0.09585574830237191,0.195044360333491,0.24084547479317783
2022-06-01,1.2786947999999998,0.498665,0.200221,0.0739808,0.102869,0.229957,0.173002,0.3899796886637844,0.15658232128573607,0.05785649554530136,0.08044843851715047,0.17983728408061098,0.13529577190741685
2022-07-01,1.2134795999999999,0.402,0.178641,0.0758396,0.113191,0.309031,0.134777,0.3312787458478907,0.14721384685824138,0.06249763078011365,0.09327804109768306,0.2546651793734316,0.11106655604263971
2022-08-01,1.2651416000000002,0.366335,0.146241,0.0752066,0.112655,0.375882,0.188822,0.28956047291465237,0.11559259453645346,0.05944520360408668,0.08904536851843303,0.29710666379162615,0.1492496966347482
2022-09-01,1.2635557,0.343508,0.123615,0.0867927,0.111558,0.319171,0.278911,0.2718582172515228,0.09783106514418004,0.06868925525008514,0.08828894523605094,0.25259749134921394,0.22073502576894713
2022-10-01,1.3421492000000002,0.429555,0.129011,0.0958602,0.128885,0.235567,0.323271,0.3200501106732396,0.0961226963440428,0.07142290886885004,0.09602881706445154,0.17551476393235563,0.24086070311706026
2022-11-01,1.453548,0.59041,0.164718,0.107798,0.136651,0.171819,0.282152,0.40618541664946733,0.11332133510554862,0.0741619815788677,0.09401203125042998,0.1182066226915107,0.1941126127241756
2022-12-01,1.9743543000000001,1.08194,0.209411,0.0782653,0.14026,0.137196,0.327282,0.5479968818159942,0.10606556280197531,0.039640960085026274,0.07104094741252874,0.06948904763445952,0.1657666002500159
