Months,DIATO_DCLR,DINO_DCLR,HAPTO_DCLR,GREEN_DCLR,PROKAR_DCLR,PROCHLO_DCLR,DIATO_TREND,DINO_TREND,HAPTO_TREND,GREEN_TREND,PROKAR_TREND,PROCHLO_TREND
2003-01-01,0.5512712621961308,-0.0020015216679268727,-0.07252849465621579,-0.10647110884165133,-0.3634342835648642,-0.006835853465472622,0.32332881010241254,-0.19174285564985527,-0.5809979866557775,-1.1072447772923226,1.7164971659435273,-0.19433878914199468
2003-02-01,0.379619426379585,0.1288763927250643,0.033462114661083585,-0.17783905554174942,-0.4167795079452034,0.052660629721219925,0.31686580982951734,-0.19204973007321421,-0.5832777309765457,-1.1024615524691581,1.7243402535030015,-0.1939265506523907
2003-03-01,0.38639979566071936,0.1862328495290575,-0.07162276397966483,-0.2292015940519333,-0.3276975866508055,0.055889299492626755,0.3104316284973485,-0.19229750099460918,-0.5854207241189882,-1.0979491635653478,1.7322170318131445,-0.19356698385276214
2003-04-01,0.3101999874777165,0.0677580911705274,0.12094402526269836,0.41279179462386134,-0.5704698212143793,-0.3412240773204243,0.3039944235385727,-0.19249237686625345,-0.5874584802946681,-1.093717225606995,1.7401517187154345,-0.19321314402327397
2003-05-01,0.10152557115141338,0.11548257086626583,0.33515055628826984,0.025955737520733446,-0.3187618802605846,-0.2593525555660979,0.29753283702384536,-0.19265303663460157,-0.5894084443537195,-1.0897583164608435,1.7481241019007712,-0.1928309558201758
2003-06-01,-0.19424945418898168,0.024855212057492106,0.1868009928149094,0.23113652342005178,0.0037884669567158865,-0.25233174106018746,0.2910359700132859,-0.19278661415657017,-0.5912939142750585,-1.0860616495689652,1.7561328063896338,-0.19239028190294463
2003-07-01,0.4157927241351494,-0.07678800558438244,0.0676366355707992,0.08814318970361319,-0.023651606685720788,-0.47113293713945864,0.28452673249593463,-0.1928959418860053,-0.5931319095493781,-1.0826265370968127,1.7641653705118436,-0.19186854056776678
2003-08-01,-0.5442727410416455,0.054902244448062194,0.07532714099024009,0.0673196219044553,0.4040759983817014,-0.05735226468281351,0.2780564220127081,-0.19298012408714588,-0.5949029519253445,-1.0794727126914252,1.7721580122304463,-0.1912855427308321
2003-09-01,-0.5400573137253176,-0.048581394927857714,-0.10096337019851362,0.06371167126342028,0.5001812422837808,0.12570916530448784,0.2717147948855153,-0.19300927263679513,-0.5965279471213064,-1.0766632431461336,1.7800316204202098,-0.19070965326896547
2003-10-01,-0.6179751636738698,-0.17964143919373013,-0.2470269787606265,0.17410777198132957,0.5761737375124574,0.29436207213443943,0.26563527972106293,-0.192944313106926,-0.5978514111236781,-1.074349612460927,1.787673636940129,-0.19028390335902917
2003-11-01,-0.19942073502801563,-0.19921586350931764,-0.19291646817345445,0.011221533410489907,0.3216609231489569,0.25867061015134096,0.26007014829176456,-0.19271967376445756,-0.5985749232340568,-1.0729172739278499,1.7949043521639678,-0.1903333947570192
2003-12-01,0.02250475679342848,-0.09164037609358136,-0.15568415314642356,-0.11176224378747476,0.12608537047531312,0.21049664575873805,0.25535829923112674,-0.19205045957410877,-0.5981227441227855,-1.0734345584341112,1.8016468961350995,-0.19143736669370434
2004-01-01,0.2817650462219206,0.02184220807833885,-0.13153055825245735,-0.06031110475312902,-0.20491944951250857,0.09315385821783552,0.25151402384210897,-0.1905512919403186,-0.5967563234948797,-1.0779718645899663,1.8077584815100918,-0.19176218288319055
2004-02-01,0.3133850270221416,-0.027946083586647404,-0.07722070888149876,-0.031538661720008264,-0.32045650010533483,0.14377692727134767,0.24751737525855508,-0.1889573276737105,-0.5959686090293981,-1.0829171098428163,1.8136961531975362,-0.1910148375667821
2004-03-01,0.3937313558135294,0.06920381378121591,0.05837857916282987,0.09672416901256266,-0.5933263480945736,-0.024711569675564298,0.24307516345665475,-0.1876374958788767,-0.5957359114005817,-1.0878782280606096,1.819142842454831,-0.18946950016532493
2004-04-01,0.36916614734000586,0.1767590490863365,-0.05946177344897242,-0.018612313975090344,-0.39555200899906906,-0.07229910000321045,0.23881029539098467,-0.18649066446931312,-0.5962227050662804,-1.0929408176578008,1.8239809762028234,-0.18725013123991413
2004-05-01,0.3431955863936511,0.13803886349391348,0.0950853766944758,-0.036225246855342466,-0.3255719078571303,-0.21452267186956758,0.23575421605110045,-0.18508455079385122,-0.597321109561767,-1.0980904566230234,1.8275332908479767,-0.1845990787543836
2004-06-01,-0.2356767810919905,0.012798671114864999,0.258459260034938,0.48817274160734103,-0.1525029712601712,-0.37125092040498237,0.2349080234480718,-0.18305839759081532,-0.5983881948355648,-1.1034420119219772,1.8289939549414802,-0.1822173794816298
2004-07-01,-0.28183235360141123,0.08977302631568573,0.18722664139882972,0.007198952055284984,0.18630232155254844,-0.18866858772093767,0.23640543162976232,-0.18029700646300573,-0.5989306129738837,-1.1087103865455608,1.828493674998326,-0.18066828655080244
2004-08-01,-0.5761057097880762,0.021171884917737874,0.08456873880871067,0.18231803733877855,0.3770601697588046,-0.08901312103595548,0.23986144594775033,-0.17729760146874066,-0.598675635618124,-1.1135118726042876,1.8262601542628238,-0.18019689412225579
2004-09-01,-0.49302025755165635,-0.1143710948582567,-0.1307682826278811,0.08463808569319586,0.5015338579714212,0.151987691373177,0.2449402530513335,-0.17454981262603753,-0.59763711623778,-1.1173700992897606,1.8224815165119044,-0.18071264000503515
2004-10-01,-0.6540261075945836,-0.1682094916953722,-0.24986265006648842,0.11019589422823899,0.6104431705262329,0.3514591846019723,0.2510178120796989,-0.17229747520463615,-0.5964618145913007,-1.1193133864589802,1.817818290308523,-0.18176860249753088
2004-11-01,-0.37941312613171013,-0.1527495006404891,-0.23566866273750955,0.0240737073105551,0.43370634616693576,0.3100512360322179,0.2572688823148568,-0.17081623150213945,-0.5961849544132859,-1.118503313217396,1.8131838518890782,-0.18276232230919565
2004-12-01,-0.06342050721617072,-0.15811690432706477,-0.15419378008247292,0.11704481730043363,0.09230408953426299,0.1663822847910118,0.2629645507844658,-0.17025465199040493,-0.5973738276020042,-1.1150940317540206,1.8090601184322903,-0.18352197555623936
2005-01-01,0.4377224328196537,0.02020453722419487,-0.23379612899526833,-0.16481272190330085,-0.22397420210093164,0.1646560829556523,0.2682596517401587,-0.17059246933712308,-0.6002088054217456,-1.1102080162072188,1.8053618445533632,-0.1840899775971847
2005-02-01,0.6262925234931209,0.17226895553718782,-0.2295065428193149,-0.1409059382595211,-0.5696892082533344,0.1415402103018616,0.2738665005476054,-0.17154039446367175,-0.6043321681986897,-1.1046761562823864,1.801488693959101,-0.18489386406830108
2005-03-01,0.5223666590466811,0.12591613972667126,0.10582528766697409,-0.2591372923632589,-0.4823886238096633,-0.012582170267404361,0.2803585349092306,-0.172539408412375,-0.6089990165129366,-1.0986390474105994,1.797135261482513,-0.1862943524549462
2005-04-01,0.3740204912088478,0.1454347377018113,0.06446395918455818,-0.012567035536067852,-0.45453045722334107,-0.11682169533580837,0.28771290563743285,-0.17367723302759225,-0.6130072481048339,-1.0922075269227485,1.7917104905538577,-0.18875658934241984
2005-05-01,0.13234107195491393,0.08197056543456874,0.31367325078038166,0.08797484836180544,-0.3472097859496519,-0.2687499505820178,0.29543436640140064,-0.17537810253443847,-0.6159315645695833,-1.0852272962444989,1.7851297912485928,-0.19241399730107894
2005-06-01,-0.19318073515136416,0.06872334404352971,0.3375722754669424,0.36343588042950553,-0.0894250586318976,-0.48712570615671585,0.3027885718303421,-0.17799744981204482,-0.6181504854093356,-1.0776254780749879,1.777994139165417,-0.1965931449705164
2005-07-01,-0.28920363621261624,0.05340413340191438,0.3702316421389732,0.18147877659954692,0.08745313543866251,-0.4033640513664808,0.30914835573222943,-0.18163292253158556,-0.6203563931323893,-1.0695730753499118,1.7709319570465705,-0.20067971365311946
2005-08-01,-0.30921649415098695,-0.04374841951759223,-0.006170929708637446,-0.052943774078824585,0.41773997312401434,-0.005660355667973044,0.3143239331400287,-0.1858131615566289,-0.6233365489136713,-1.0613284358780968,1.764498647378419,-0.20445376937223264
2005-09-01,-0.6106229386319186,-0.05362103542848884,-0.05442634729995899,0.08210876683165758,0.5184957097700189,0.11806584475868998,0.31758395992776106,-0.19009418759697383,-0.6273023067149915,-1.0535459123884385,1.758914854596138,-0.20788929130759248
2005-10-01,-0.7853623944069293,-0.16684549558910863,-0.28943698161472675,0.09646618142123962,0.7249271484824956,0.4202515417070296,0.3184804952665938,-0.19430967582007047,-0.6319833427962518,-1.0466748009512585,1.7539821267193307,-0.2111042258792971
2005-11-01,-0.36672878047998714,-0.2590864692666668,-0.24675390288260904,0.27881125363587256,0.3507527198050625,0.2430051791883279,0.31728989615793174,-0.19829471474013607,-0.6365941775936279,-1.0408794192747082,1.7494301033137727,-0.21420157622539987
2005-12-01,0.15076886000880424,-0.02396158009758764,-0.18052355516533636,-0.0973240868166435,0.016166668177216906,0.13487369389354634,0.3146440341028723,-0.2019365437870312,-0.6402740424097572,-1.0362976125641241,1.7452885760939258,-0.21719567313328206
2006-01-01,0.37721311827145076,0.02249263836684324,-0.06296148196636323,-0.14788384461793838,-0.3006129890957844,0.11175255904179204,0.3114135706027539,-0.2053944010703839,-0.6423894614227812,-1.0324234806757204,1.7416174706806642,-0.22050464514766258
2006-02-01,0.48044469181214383,-0.0073632138984379755,0.018204455969536924,-0.09840896415830122,-0.48669424457364374,0.09381727484870217,0.30726725691589146,-0.20893325852222153,-0.6428436613852853,-1.0286271049198954,1.7394042293591128,-0.22400046772323043
2006-03-01,0.36260133748856344,-0.033446482678358015,-0.05626614506248737,0.12812377271047662,-0.4640711298933028,0.0630586474351081,0.30146800523019096,-0.21277686134695062,-0.6419564715136057,-1.0249624697526993,1.7396513698082314,-0.2267802531605287
2006-04-01,0.419432421798108,0.1436646414498444,0.06118799571520913,-0.010230348148489036,-0.49953871255961396,-0.11451599825505858,0.29395107208459353,-0.2168836223785015,-0.6404100592342206,-1.0217742258955305,1.7428859365982177,-0.22803706528419354
2006-05-01,0.42209782538152896,0.17344765352635652,0.05457427614974852,0.0015537303312097486,-0.3837174744869595,-0.2679560109018842,0.2850145296001656,-0.22099829124223938,-0.6388471191176243,-1.0193206291014123,1.749427411707842,-0.22774615189595143
2006-06-01,0.23203696507041385,0.062484501850256745,0.1986341956534852,-0.02151099643798391,-0.11462931128021557,-0.35701535485595626,0.2749821967008692,-0.22522131017258812,-0.6374583961434975,-1.0177138278930513,1.759365943388651,-0.22612069542271207
2006-07-01,0.33073247830037994,0.00825784000882083,0.1161693963258237,-0.049012385517777195,0.0034798154687211234,-0.40962714458596844,0.2641482116018771,-0.22966103068484992,-0.6361386905970458,-1.0169377091691925,1.771962575831175,-0.22342381274820639
2006-08-01,-0.2445006992192251,0.14760390056992587,0.08687748156902655,-0.0308089320930047,0.26609014773790474,-0.2252618985646274,0.25271960753895417,-0.23381099392042864,-0.6347477174719451,-1.016829879962341,1.7865615501562453,-0.21976507388172173
2006-09-01,-0.680316350155152,-0.12153046081890848,-0.038925185159467884,0.1965675653191695,0.5232319180784918,0.1209725127358671,0.24146892612078702,-0.2371957743700332,-0.6334639834290597,-1.0172131030656253,1.802301904166157,-0.2151069955209
2006-10-01,-0.48558037665518294,-0.256965088038593,-0.1648519012345392,0.1961127917452532,0.4885038644087487,0.22278070977431325,0.2316513684004382,-0.23950200310379702,-0.6324113590210699,-1.0182117251148322,1.817544404152946,-0.20954038013163861
2006-11-01,-0.4596174984908317,-0.19230678614599436,-0.3536199740770553,0.15969324996554649,0.5033849682344474,0.34246604051388746,0.22414486853588975,-0.24041254340798834,-0.6318820404952797,-1.0199658788378025,1.8306329042798235,-0.20338243494251437
2006-12-01,0.04575581474955791,-0.09734892106572372,-0.13888694511600386,-0.06709174899968585,0.0705627378175666,0.18700906261428896,0.21885122310364624,-0.24007483033095942,-0.6319248144360515,-1.0224282167411742,1.840626067505195,-0.19703427625053627
2007-01-01,0.2738833195734145,0.012416505261293221,-0.14868776753175833,-0.166642623766935,-0.15207059302945775,0.1811011594934434,0.2158508292623013,-0.23866064753730903,-0.6324638825326746,-1.025435009664505,1.84770468503502,-0.19075971756942972
2007-02-01,0.3122740217993969,0.012494418593561046,0.026075407601055648,-0.13076824759471162,-0.3134980462153141,0.09342244581601208,0.21511960144849018,-0.2361796466145608,-0.6332223190670161,-1.028932705302369,1.8522121633278061,-0.1849826973694045
2007-03-01,0.10420238367060586,-0.024817585953943896,0.07629109175332849,0.02410091935983894,-0.222626664528488,0.0428498556986586,0.2164216680560409,-0.23248141404478906,-0.6340505181028909,-1.0331044610067344,1.8539852634536391,-0.18049347234626487
2007-04-01,0.5693046572216857,0.03907328133014334,0.09383467598883763,0.20248817155082874,-0.6864835010890987,-0.21821728500239662,0.21877347149403353,-0.2275809331131004,-0.6349966686424733,-1.0383008706371681,1.852540184903253,-0.17772623544016672
2007-05-01,0.08460570396786185,0.1229028173877765,0.03279021157748829,0.023629706444513343,-0.15648543924090974,-0.10744300013673025,0.22192796550163138,-0.22178896637648401,-0.635790783436125,-1.0443028818123417,1.8475118670696857,-0.17657525228688398
2007-06-01,-0.2591335130218936,0.07331293138495029,0.15798571482201607,0.11211735592665983,0.12221636469477126,-0.2064988538065039,0.2263524925222493,-0.21531176217214462,-0.6356831738361043,-1.0498285980851232,1.838914786274982,-0.17699948205544502
2007-07-01,0.20373473449224844,0.003375024263082426,-0.008479709826679028,-0.04665267061294722,0.09789387055125406,-0.24987124886695866,0.23237874996287208,-0.2083670808586382,-0.6342712829532375,-1.0537563941060488,1.8272204659195657,-0.17863446011453002
2007-08-01,-0.12892853506762397,0.1458010042864574,0.027147149392992675,-0.11322233614261579,0.25829789711303397,-0.18909517958224428,0.2398153913225804,-0.201578551715397,-0.6313480964779908,-1.056184874958442,1.813382440088697,-0.1808299867349872
2007-09-01,-0.3409249717892232,-0.058501631574812335,-0.024756401459137795,0.010395091546486795,0.4086280487530016,0.0051598645236848595,0.24824822256846735,-0.1953193094218637,-0.6272766344744508,-1.056954864655909,1.7990218737705486,-0.18270273426572642
2007-10-01,-0.5766968581331028,-0.1511488455385852,-0.1819503531997757,0.04542248718351194,0.5847713163989811,0.2796022532889707,0.256810991145423,-0.18998056296820154,-0.6226030751360684,-1.0558799269973185,1.786218912509355,-0.1834668432634796
2007-11-01,-0.3588140143410464,-0.21971900420021398,-0.20109944565600701,0.17392466476268564,0.36216903812622936,0.24353876130835234,0.2649398785551835,-0.1865082252543989,-0.6176055010449628,-1.052851428536625,1.7761917784111072,-0.18314605178381554
2007-12-01,0.18800660988290713,-0.10104039199245056,-0.17839459954799242,0.2311596463671759,-0.15393178705452848,0.014200522344888375,0.27209655388475734,-0.185439366714436,-0.6125549879144844,-1.0483458236574628,1.769318862977739,-0.18267123492665585
2008-01-01,0.21019623446131652,0.09621456895986612,-0.5999781262663116,-0.3500502409740299,0.23125946142179143,0.4123581023973674,0.277509137669923,-0.1863476180957114,-0.6071715943292606,-1.0431622318994598,1.7653836430216072,-0.18319352608688627
2008-02-01,0.3572278073550892,0.06516582820086039,-0.34401361080566184,-0.2520141662063984,-0.14286684425833454,0.3165009857144453,0.2802044631385465,-0.1885160123579312,-0.601392615255962,-1.0377329298541147,1.7641174371885584,-0.1847846171601822
2008-03-01,0.3751996897801702,0.1077853398995012,0.02315398021024945,-0.06864836809154867,-0.4451983916373395,0.007707749838967303,0.2798143562665435,-0.19154301531554932,-0.5955300855092119,-1.0320347682627422,1.7649044387209065,-0.1868700096848007
2008-04-01,0.5866449853700796,0.21399572875352182,0.2660638909921704,0.0035171534011605443,-0.7684528888083894,-0.3017688697085429,0.2768236067523176,-0.19506224759736937,-0.5898473378982657,-1.0257220523962618,1.7674628974972362,-0.18859253596625478
2008-05-01,0.21824843688079124,0.06929449476830725,0.28364560131681005,0.3760703501946576,-0.43939307778461667,-0.5078658053759496,0.27198316904168485,-0.19870950029144968,-0.5845247530270841,-1.0189103370459616,1.771442283479403,-0.1892902573002372
2008-06-01,-0.17399529779582906,-0.020570335892742216,0.1539222371021673,0.12021763085735719,0.06471037764277592,-0.1442846119137291,0.2661866007025486,-0.20233716694870452,-0.5798339126410494,-1.0125445801331237,1.776499661277399,-0.18907194151069456
2008-07-01,-0.3191214740948911,0.02814441561481268,0.18130704997773642,0.13749835879637232,0.2236605190896022,-0.25148886938363246,0.2597499453111068,-0.20602338858079264,-0.5758656851782059,-1.0069853275438059,1.7825731858341325,-0.18883265763201634
2008-08-01,-0.48301347327153993,0.028239099715336655,0.12191993279154596,0.0799881167779098,0.3909052274201475,-0.13803890343339997,0.25270192888495,-0.210020490334375,-0.5732375851534095,-1.0026748467955962,1.790076842937262,-0.18904487630117464
2008-09-01,-0.588475174962971,-0.0676988586599095,-0.11977127606036837,0.02542535177023679,0.5605954322864231,0.1899245256265889,0.24490311393003275,-0.21441031027489899,-0.5730755904683922,-1.0003910925755837,1.7989514213321456,-0.18979746026831942
2008-10-01,-0.5500435633759403,-0.13039075643963086,-0.11966416435846318,0.025200114538720834,0.5292090859025782,0.2456892837327353,0.23654286647303083,-0.21902251216028099,-0.5751754398587473,-1.000105978621885,1.8076081864597944,-0.19169027447711712
2008-11-01,-0.4001074089190672,-0.21906966591134028,-0.13455564345185403,0.2352775052721456,0.34235340038543866,0.17610181262467725,0.22846381638626478,-0.2232425462879568,-0.5784566049789486,-1.0005932463676717,1.8145974852857498,-0.19506277697567886
2008-12-01,0.1357516706026848,-0.16483805942486274,-0.09746539443393279,0.08073631551704916,-0.03295131906634565,0.07876678680540719,0.22109042017000718,-0.22662476416533853,-0.581967417846689,-1.000908984967821,1.8196678234684318,-0.19932338841971248
2009-01-01,0.4381698286006952,0.03386316187876781,-0.12345871379860276,-0.21656912557952482,-0.27195631850015567,0.13995116739882033,0.2149662166888715,-0.2293202167570653,-0.5853945443232667,-1.0012797888054712,1.8225900651441096,-0.20390769089362687
2009-02-01,0.2761295795215666,0.15529001863069516,-0.20387471217324674,-0.3770656883538426,-0.14113005769656153,0.2906508600713892,0.211118821449775,-0.23154409188449937,-0.5884716628474851,-1.0016057199316855,1.8228391232228591,-0.20837482741104452
2009-03-01,0.34502246327922487,0.1444331403465463,-0.17851763738201884,-0.2473766184244308,-0.2684422029276618,0.20488085510834025,0.2100020683525884,-0.2334232095588836,-0.5912101693396442,-1.0017219542668554,1.820688489012519,-0.21179052778091836
2009-04-01,0.2688342320704341,0.13674697468957867,0.3561717745461488,0.28968669012551884,-0.6918280817246483,-0.359611589707032,0.21128036832356767,-0.23513247203020352,-0.5934714655585787,-1.0014343326574018,1.8170131976320478,-0.21398263172997734
2009-05-01,-0.07713996134283632,0.05505571033258044,0.26254691355129517,0.3781509869634155,-0.3293281667043479,-0.28928548280010685,0.2143438166197645,-0.23663268981762364,-0.5952670255052553,-1.0007584045186553,1.8130052725759642,-0.2153833732655953
2009-06-01,-0.21616232831303447,0.08459871268759284,0.17377237426047878,0.0456653287478437,0.11473229083907346,-0.2026063782219543,0.21824670357234754,-0.23777288765979113,-0.5968412133602614,-0.9998707208100795,1.80985704535618,-0.2162679769585663
2009-07-01,0.19781938454653905,-0.046275401436820775,0.19310608505747262,0.04912575565310783,0.01151021023898057,-0.40528603405927927,0.22303901123173617,-0.2384527405402936,-0.5987046756961367,-0.9989022827653208,1.807983879281578,-0.21703668140694882
2009-08-01,-0.07736204823891715,0.06306673723168663,0.05071911784170913,0.03947029129906543,0.2095659368401589,-0.2854600349737029,0.22933186280176934,-0.2383142368767502,-0.6010009179227913,-0.9977441498704079,1.806769015424202,-0.21840881756319824
2009-09-01,-0.7188226271407906,-0.042194381429277276,-0.08766080915528231,0.07919477229974213,0.5407836863421318,0.22869935908347624,0.23664914999349293,-0.23714418977959503,-0.6030269643046539,-0.9957286743429146,1.8057110815015638,-0.2207429045034679
2009-10-01,-0.6898920335522901,-0.22513563366647396,-0.2765990980367266,0.2285135551254248,0.5830954980596358,0.3800177120704303,0.24412447577907265,-0.23525141535288263,-0.6045023289879409,-0.9923355179621514,1.8049667246798804,-0.22340621462903767
2009-11-01,-0.23738007167213496,-0.3073860633597304,-0.0023496899792850114,0.20337137575611094,0.19483904869277732,0.14890540056226217,0.25165125907975805,-0.2331052091463352,-0.6058208464316563,-0.9882571228534803,1.8045534660921054,-0.22563211020420548
2009-12-01,0.2788822312719901,-0.090087568140807,-0.32896343638282627,-0.12830626492409822,-0.0012612489882234033,0.26973628716396486,0.2590085819505636,-0.2308998057168163,-0.6075981757757649,-0.9842068580926603,1.8042314449743266,-0.22700352084364617
2010-01-01,0.49167997229998067,-0.02855593216507539,-0.0584603649162969,-0.162861265864794,-0.3602107504122617,0.11840834105844726,0.2650418756097083,-0.2288029354453724,-0.6099545941964947,-0.9802407606468457,1.8036880907708637,-0.2274584995335698
2010-02-01,0.4338938641015679,0.04843705939939388,0.01607236462500777,-0.18261173211724874,-0.4609229517995039,0.14513139579078313,0.2694171110839957,-0.22686843226718248,-0.6127523218685847,-0.976334494201924,1.8029513236377102,-0.22731158349066574
2010-03-01,0.2674820352338629,0.16130660957202966,-0.22252067538864895,-0.25452483037953744,-0.18087493982424696,0.22913180078654088,0.27243083830360687,-0.22507085131116042,-0.6158308960073506,-0.9725301060484721,1.8024478861722075,-0.22696591009106454
2010-04-01,0.48412893162667847,0.19409689452359652,0.023434073035363656,-0.1262930329336896,-0.5490209673981257,-0.02634589885382349,0.2746811066053236,-0.22330215769287232,-0.6194613699824246,-0.968980984966524,1.802156872040439,-0.22655895869040454
2010-05-01,0.41542161234982056,0.1425136379829824,0.21413290581806274,0.10593974259349169,-0.492963991075525,-0.38504390766883234,0.2764621334064833,-0.2215367847760815,-0.624405645520929,-0.9656992219820176,1.8015466981785648,-0.2265416807707119
2010-06-01,-0.15011988340932764,0.1967862588552438,0.3210939846295902,-0.015629795360114506,-0.038792529377544134,-0.3133380353378477,0.2779504037588668,-0.21990088028736404,-0.6311774989121208,-0.9624125154514851,1.7998421511599356,-0.22725938242531604
2010-07-01,-0.3492204511784883,0.05375628597754953,0.27362570191504576,0.139730103310888,0.15466618675311208,-0.27255782677810714,0.2787158046329664,-0.21866997349986156,-0.6392492009116534,-0.9586393337040511,1.796911287758783,-0.22829559154576706
2010-08-01,-0.3050385627947234,0.0359956105679815,0.13653881850222657,0.0246549727356213,0.2925141124587321,-0.1846649514698381,0.2778116018816246,-0.21826389160720785,-0.6474692233779442,-0.9542176670095538,1.7927327498569476,-0.22916575603449219
2010-09-01,-0.5498809622723981,-0.057229086040018765,-0.10696041580513606,0.044963152846822715,0.5114766592493223,0.15763065202140797,0.2753737921635359,-0.21902654586828973,-0.6552950254344914,-0.9492857186466425,1.787687773225272,-0.2295758748639983
2010-10-01,-0.5207723243642542,-0.15897427711336984,-0.0703323367726391,0.02140660521041445,0.46226008231834265,0.26641225072150615,0.27175891337669633,-0.22135228271011304,-0.6625185532632628,-0.9438483690892596,1.7830236087782987,-0.22913061467651338
2010-11-01,-0.253214251346151,-0.19178791161260525,-0.10006507803804326,0.12624855897936665,0.19658078448432476,0.22223789753310813,0.2662234202187127,-0.22506414614710715,-0.6688108103122685,-0.9380995446085476,1.780410570734201,-0.22719317490429736
2010-12-01,-0.151309205515283,-0.11051030295047094,-0.14865160063704233,-0.051126278908222224,0.20116984556936565,0.26042754244165284,0.25843597701183757,-0.23031159426890183,-0.6744057393917056,-0.9322898431992066,1.7806566067465628,-0.22360774830036212
2011-01-01,0.7082130350157332,0.12454197179731491,-0.28777575918063675,-0.434536043148064,-0.4045356829442979,0.2940924784599506,0.2492956911759752,-0.23675467122462612,-0.6797497160568138,-0.9267165944370109,1.7833098560696723,-0.2186366347768093
2011-02-01,0.4153013342950414,0.0768502560885059,0.07114604515913789,-0.28960244872537894,-0.4067390867461676,0.1330438999288613,0.2397148262656893,-0.24360695818603484,-0.6846137843635427,-0.9217388240059111,1.7874795060263833,-0.21278233027495727
2011-03-01,0.3001797494398655,0.1466052484480988,0.026597495954377756,-0.3108222807791021,-0.3338429940062505,0.17128278094301064,0.2305719377047185,-0.2504210661083464,-0.6883775371121895,-0.9173567871813156,1.7925701180276619,-0.20669069682825505
2011-04-01,0.44376370517359226,0.17543273478052201,0.27027077323235155,0.03715669064229636,-0.6973665922077188,-0.22925731162104335,0.22167904595639962,-0.2573260401069359,-0.6909622938181728,-0.9134560237525747,1.7988887690986826,-0.20019541761568713
2011-05-01,0.24122557129731131,0.1487962331582182,0.4798135504718861,0.13252624862011161,-0.565083569268934,-0.43727803427859324,0.21175345424056272,-0.26505613756733704,-0.6923922884853293,-0.9097894366669833,1.8070711327045443,-0.19290064073692995
2011-06-01,0.2774925546919733,0.24079196558361252,0.17206355845061058,-0.24406757903458956,-0.11857004895327175,-0.32771045073833516,0.1991794632604491,-0.2748209580064413,-0.6931428258143707,-0.9060069299989674,1.81766932635562,-0.1841558392998665
2011-07-01,-0.15918138614197153,0.06872255420057953,0.2754764873958587,0.07611569787538307,0.06340329050014591,-0.3245366438299957,0.18148208392612963,-0.2891790436902691,-0.6936951383204213,-0.901940123012591,1.8311097913459689,-0.17317686216171724
2011-08-01,-0.3910226952203922,-0.022103282461923564,0.23604794131904866,0.1770982108836276,0.2115495254007425,-0.21156969992110297,0.1565237385069519,-0.31556253938717704,-0.6938257453575063,-0.8972181502852191,1.8475956425964577,-0.1589838865160897
2011-09-01,-0.5485498837438636,0.03889100263836969,-0.05270335763540724,-0.028139620838380626,0.4578497923738579,0.13265206720542394,0.12441815751858995,-0.3549196096302563,-0.6929082369194756,-0.8925234495244915,1.8660233114552949,-0.1399467585353033
2011-10-01,-0.3818375746843533,-0.04256513160116898,-0.13339370828110614,0.00561672530604956,0.38375454065093767,0.16842514860964128,0.08977498405697397,-0.3948382082267995,-0.6904060724408547,-0.8889218702163709,1.8839249283908153,-0.11083558407813324
2011-11-01,-0.16279182471825085,0.017367140156079795,-0.12772344386562742,-0.1069197903178806,0.2731961572677546,0.10687176147792449,0.05676753479216888,-0.4307292985120928,-0.6853521798152369,-0.8866320039045824,1.8995092866727277,-0.06858243824122687
2011-12-01,0.5600555713334128,0.2435819618275594,-0.054924108716539834,-0.2989334166833809,-0.33707945701731123,-0.1127005507437403,0.026974515703925662,-0.463924874801999,-0.6771985100110106,-0.8855805552573163,1.9125379636786977,-0.020509325945206814
2012-01-01,0.742793832282479,0.39440689581207916,-0.3342024007123639,-0.6872745409836509,-0.13264721372370664,0.016923427325163398,-0.0006474014355019515,-0.495670384936851,-0.666897926151118,-0.8854172272513704,1.92417020400815,0.0257048781967168
2012-02-01,-0.12121988673470896,-0.6604258992266374,-0.07149212160913422,0.17583011658937417,0.10765622067553192,0.5696515703055746,-0.027436161427130252,-0.5269841256092361,-0.6562184367726519,-0.885857571115094,1.9353422433808858,0.06849994684927464
2012-03-01,-0.13497531089276513,-0.809321197670027,-0.32549342517387575,0.039733461830954796,0.37099137599091697,0.8590650959147962,-0.05424812818863107,-0.5589631046946805,-0.6461685069972668,-0.8866365215749344,1.9461081013646349,0.10835065772951863
2012-04-01,0.19901590448955597,-0.3282534014987092,-0.12425746293081032,0.08820595058385582,-0.18371881039541793,0.34900781975152567,-0.08197060454374727,-0.5925000504458396,-0.6368110635539405,-0.8872609199723679,1.9564381515581128,0.14632934351432064
2012-05-01,-0.009716494104000509,0.048536712073001365,0.09666044348265612,0.15313045118774005,-0.32992159805728916,0.04131048541789212,-0.11148608995007907,-0.6292815061700021,-0.6279689773324224,-0.8873112548232736,1.9671293016287956,0.18513062778000017
2012-06-01,-0.00231426478894178,0.1639713539922101,0.21992240321901826,-0.018806479875847684,-0.2432755437135473,-0.11949746883289164,-0.14344080925408031,-0.6701227313452419,-0.6198520116133843,-0.8870716726296461,1.9785760233181457,0.22689305985701066
2012-07-01,-0.16616918655552332,0.371444441915065,0.3602577084026686,-0.030046328397439565,-0.17837920994448794,-0.35710742542028273,-0.17575091976822213,-0.7089548488623503,-0.6127047358471732,-0.8874335176272647,1.9903711429513102,0.2730361023596842
2012-08-01,-0.3676278273102571,0.3043219865437078,0.2913453303412692,-0.01970499938959656,0.021543386991152342,-0.2298778771762757,-0.20068182268059578,-0.7353661160293442,-0.6068098875825236,-0.8894143705698017,2.001314339146412,0.3217180932499484
2012-09-01,-0.40907990622339746,0.0664121092774728,0.12259783767239267,-0.12340765377435388,0.28025756198542723,0.06322005106245863,-0.21411603047521857,-0.7515378696468032,-0.6021242927701375,-0.8927114845657906,2.01029985685291,0.364818612327057
2012-10-01,-0.4525129679427901,-0.08733989619351036,-0.06714291965878273,-0.0338269323459054,0.4213293695166519,0.21949334662433678,-0.2205048590489626,-0.7636366931854005,-0.5983840138169086,-0.8962816026568081,2.017171615823549,0.39591138034817225
2012-11-01,-0.23380800136727642,-0.2280522401956305,-0.11891612684478202,-0.06147765909851586,0.42040281855415995,0.22185120895204483,-0.22470799686612217,-0.7729005467008486,-0.5951916433434326,-0.8993514145646074,2.0222925284730233,0.41577760311393464
2012-12-01,0.10317051004079038,-0.2549347512369595,-0.11873119051448068,-0.07769865386353626,0.2015673285061248,0.14662675706806133,-0.22818675218219822,-0.7797451995180908,-0.5926832464697335,-0.9015552540299179,2.0262623828080244,0.42721170756514154
2013-01-01,0.27429601863086267,-0.19085667626578431,-0.08299155105765325,0.03210687267901254,-0.12208129819268025,0.08952663420624259,-0.23150272008421394,-0.784805169789956,-0.5912794846468329,-0.90278259541745,2.0299654211723888,0.4346199184432935
2013-02-01,0.1259449754126045,-0.4692128081716845,-0.43594491216225745,0.06700820523592081,0.2636015905171932,0.4486029491682235,-0.23487463723965676,-0.7887430342970735,-0.5912609993906509,-0.903218053992377,2.0344843312383496,0.4400282020154534
2013-03-01,0.0956059981322012,-0.38928238793537046,-0.3165437916211397,0.03581618177037498,0.235132702328453,0.339271297325481,-0.2384611776408445,-0.791869442640988,-0.592026975360931,-0.9028623308110122,2.040092536265244,0.4441467073816127
2013-04-01,0.3190330629725212,-0.026699034767787667,-0.27119070075810525,0.26547216413134034,-0.2831373577145373,-0.0034781338634313668,-0.24227784310330802,-0.7941535974968784,-0.5926636736331768,-0.9018549617933692,2.046208629875353,0.4472971533276376
2013-05-01,0.3337630998660987,0.1393042410897866,0.028352593408610665,0.024648910165230003,-0.4153621501066516,-0.1107066944230743,-0.24590283768022567,-0.795512815045978,-0.592553656285543,-0.9005539514146486,2.0514770252059393,0.4493477973677015
2013-06-01,0.2225461442507956,0.31967931040134867,0.2452103250195147,-0.02618757248271218,-0.3850671784375407,-0.37618102875140613,-0.24892825761670115,-0.7956088837790917,-0.5909739180954172,-0.8991370739679838,2.0547496565232577,0.4500641806303025
2013-07-01,-0.10788554903233886,0.4238070898537781,0.29467827268776964,0.00602543118609163,-0.15359601967119954,-0.463029225024101,-0.25117907790711835,-0.7944601296898115,-0.5875530881064474,-0.8976105411672438,2.055729662878355,0.4495580095196512
2013-08-01,-0.2571187217258004,0.4000766916588533,0.30939940686177037,-0.06941144330034378,-0.023516824122398767,-0.3594291093720806,-0.2527633726290207,-0.7925072629295402,-0.5822843955784727,-0.8961473847360444,2.055099445002951,0.44790247841995146
2013-09-01,-0.4184432705022586,0.13891374300591203,0.09663844460984554,-0.05258830427182543,0.26829453615895177,-0.03281514900062527,-0.2538722173594728,-0.7899656843031841,-0.5755245932473406,-0.8946038866276033,2.053436537405751,0.4449079986542871
2013-10-01,-0.4471788896098169,-0.04432199967610856,-0.09280060143719787,-0.013046975171000674,0.4597639726082641,0.1375844932858598,-0.2544351331318187,-0.787036180758123,-0.5680610725360685,-0.8928371500317809,2.0507554835651103,0.44045466979101955
2013-11-01,-0.196800626139374,-0.21429826992448947,-0.1503133280700189,-0.14649561283456353,0.4599482752009088,0.24795956176753714,-0.2545722755433552,-0.7838883883447818,-0.5607310080831384,-0.8906762161479915,2.046598466225477,0.43494459807538577
2013-12-01,0.07593103615803395,-0.15371108591418478,-0.016938992866007058,-0.03525146017510214,0.03812029845338774,0.09185020434387228,-0.2545622145617777,-0.7805871774449775,-0.5537990012357619,-0.888193169736484,2.041165425483246,0.42920348257299845
2014-01-01,0.10957442910983713,-0.27587968035580546,-0.19383271793767962,0.02318866709306246,0.12512760653287627,0.21182169555770922,-0.2547438329299933,-0.7773132631526191,-0.547301328172233,-0.8857380642833499,2.035815516361025,0.4238910603676213
2014-02-01,0.13208368343732463,-0.4247070970145582,-0.28466808834120194,0.03772319889958608,0.17611805393203306,0.3634502490868164,-0.25510616609198306,-0.7741862932771041,-0.5411996769742365,-0.8836731319485485,2.0310988557724166,0.419161681062218
2014-03-01,0.16611672191455085,-0.32435684401781134,-0.2318362437038542,0.045547340677991544,0.017832714925847426,0.3266963102032757,-0.2554823600700524,-0.7710367183681908,-0.5353548385739515,-0.8822001049613888,2.026562631293242,0.41519554364833705
2014-04-01,0.39396567043630437,0.012062929082660101,0.01784401630620963,0.08543238355271526,-0.5510699940778061,0.041764994699916846,-0.25594304457946154,-0.7674981844129478,-0.5299677864189509,-0.8813320921182066,2.021532307347728,0.4119559019521054
2014-05-01,0.21344039506265935,0.05721549405375301,-0.11090062517351498,0.03995736065027597,-0.1653754653199553,-0.03433715927321804,-0.2568434327207812,-0.7635592803917057,-0.525414168251412,-0.8807588116488799,2.0160898020353573,0.40896784164793476
2014-06-01,0.10240779796387191,0.3939816537636752,0.3152850920028586,0.09126452482629623,-0.440515488283416,-0.46242358027328595,-0.2580507473916911,-0.7594513813484907,-0.5218835494938223,-0.8802141850655151,2.0104554752079893,0.40558425238724677
2014-07-01,0.07826371359548165,0.3845247298310498,0.3350466693689139,-0.06988967663361886,-0.23262412328921697,-0.4953213128726095,-0.2585721873237606,-0.7554012000497573,-0.5193392659189869,-0.8796617415255009,2.0043006143767927,0.4013730985510911
2014-08-01,-0.2146401275014967,0.35863662889940284,0.29724749326948896,-0.024889014091465166,-0.04667424502962248,-0.3696807355463074,-0.25787301876526597,-0.7514051842545123,-0.517836944086611,-0.8789066824016588,1.997071931961426,0.39646676950137927
2014-09-01,-0.37839006835590694,0.13404827625454716,0.16327473155136893,-0.10538755124099078,0.2696549128122552,-0.08320030102127349,-0.25625453043780855,-0.7477331451651621,-0.517244143572658,-0.8780520523224093,1.9891989210228844,0.3916341744567558
2014-10-01,-0.4324012487219228,-0.08649192996775813,-0.025297379285172745,-0.06814081648200311,0.4811320640128911,0.13119931044396568,-0.25405355905884935,-0.7446374539674211,-0.5169370958777522,-0.8774979728674516,1.9810500743592907,0.3877853699859306
2014-11-01,-0.26987153227214733,-0.13796811057115763,-0.022811554664071105,-0.010774378185120576,0.3353159178059563,0.10610965788654035,-0.2510679535661779,-0.741720456278444,-0.5163481661218576,-0.8775160545790989,1.9722270568397975,0.38519154679475925
2014-12-01,0.07208657015187732,-0.25296913067597515,-0.314101280775676,0.005588946660171947,0.29906230493295516,0.19033258970664674,-0.24699428983359892,-0.7385041486158707,-0.5155278582451409,-0.8782193341817403,1.9622857599020482,0.38406795741398353
2015-01-01,0.12844813606536737,-0.32427636400938986,-0.27032084678747315,-0.023876789086509254,0.2280215292304284,0.2620043345875765,-0.24196070241687823,-0.7347491901193622,-0.5148772911549147,-0.879490350247464,1.9511465580799852,0.3842866050331503
2015-02-01,0.10714599530291309,-0.3847615547450646,-0.30717103294928444,0.037154434344808744,0.22196691834834265,0.32566523969828465,-0.23609577791466999,-0.7302617608743598,-0.5147169485157519,-0.8808044648178373,1.9384843071968652,0.3855383767890724
2015-03-01,0.16173103140947287,-0.3116622258307793,-0.26357454583855533,0.15191265886083938,0.09713654640237969,0.16445653499664264,-0.22915374325911952,-0.7252037573204078,-0.515959782614764,-0.8819164748341769,1.9235048742099392,0.38771140063446424
2015-04-01,0.42965472076615197,-0.07856497311296717,-0.007107363999386385,0.01869817370235105,-0.3606305237801225,-0.002050033576026955,-0.2203338371849843,-0.7195864021140953,-0.5188889476133723,-0.8826225353896234,1.9050695761608052,0.39043805821475963
2015-05-01,0.17262842941419482,0.095556419806332,0.14494274182399347,0.07605511723238356,-0.2716734994214516,-0.21750920885545222,-0.20878369367117994,-0.7129872386865895,-0.5227107136593643,-0.8826292842932069,1.8815205015035343,0.3929381728187007
2015-06-01,-0.06866097230163869,0.2224437990265408,0.17115795892572652,0.06926040174366137,-0.09665144368080732,-0.2975497437134827,-0.19447411695630032,-0.7049740734408101,-0.5274926335284034,-0.8816722820212709,1.852384995592836,0.3950248657545814
2015-07-01,-0.09068285194304658,0.22700526625754971,0.33122662802056096,-0.10688996786877865,0.014912255984979176,-0.3755713304512646,-0.17591855800875675,-0.695065801807829,-0.5345589163093974,-0.8796358187641503,1.8184744502831123,0.3970387540270989
2015-08-01,-0.14906460109527564,0.3271421820373149,0.4032489205259841,-0.14236691051076006,0.022189636869564162,-0.46114922782682755,-0.14219643479415783,-0.6820782974708485,-0.5449118069154806,-0.8768785978429133,1.7728896268085161,0.3995464422221889
2015-09-01,-0.4860316840492506,0.01981115591264232,0.27926162876078925,-0.12168099821634443,0.4332392279720207,-0.12459933037985721,-0.08415852099972962,-0.6604348585427411,-0.5582127368293716,-0.8731568266084037,1.6794375206655827,0.40329495717054886
2015-10-01,-0.60287613153581,-0.22104217229649709,0.05397737005142027,-0.08243465719427075,0.7737835575060623,0.07859203346909514,-0.014359881874972827,-0.6252591375404674,-0.573755766432808,-0.8680694453362267,1.5525559994582616,0.4088730863281768
2015-11-01,-0.43086574172482606,-0.15823323723118332,0.15822761615203085,0.03460819731075948,0.5187370938933825,-0.12247392840016347,0.05108373131237878,-0.5855229425338779,-0.5914723400266858,-0.8611098092406776,1.4422168920705876,0.4164467272935334
2015-12-01,-0.3807527386732881,-0.44627161277846444,-0.0813563274805464,-0.07808101235345795,0.873583022547031,0.11287866873872586,0.11043038284881379,-0.5496660710344298,-0.6129637207136095,-0.8515628039910188,1.3488938198478384,0.42516771706187867
2016-01-01,-0.3297251712662677,-0.6354930422275616,-0.23259861127753875,-0.042957361327927004,0.9989287815428302,0.24184540455646478,0.1667025988691895,-0.5175023921746491,-0.6394505167846651,-0.8384410309915599,1.2615867552036548,0.43431631160873385
2016-02-01,-0.3432324183244708,-0.6554510484316021,-0.1643650967651449,-0.04343030757916545,0.9822730472628887,0.22420582383749452,0.22131234803001829,-0.48716402877975873,-0.6691338716393338,-0.8196647674061149,1.1755643574759946,0.44349714140278207
2016-03-01,-0.2743681271890651,-0.57252587452384,0.0017914451739422244,-0.04528085868861134,0.7356645678638414,0.1547188473637328,0.2753802407242241,-0.45748499243747576,-0.6992888836147175,-0.790587789607857,1.0898341130062295,0.4525268283540818
2016-04-01,-0.37462222158123687,-0.5097212183832465,-0.0025274018464060237,-0.06932227198602896,0.8136206262279955,0.1425724875689228,0.33117834886184694,-0.4268885867282703,-0.7291622787756191,-0.7534546591636836,0.9984633912810695,0.4618026083350637
2016-05-01,0.12114294827248347,0.3689937308828303,-0.20395417273321798,0.15727455654165384,-0.4348420696761302,-0.008614993287619489,0.39186923469331525,-0.3949975928201818,-0.759451651437022,-0.7184372731209702,0.8952511909353378,0.47176323764318845
2016-06-01,0.05732056082568336,0.2917872571172599,-0.2354323233101874,0.13390673358264657,-0.012108145745256111,-0.2354740824701463,0.4590474915346595,-0.36094268806545887,-0.7900645025554722,-0.6884380037360686,0.7774949243939309,0.48248460307150093
2016-07-01,0.0465090439791315,0.3188219643078358,-0.10404199208703233,0.154828896930052,0.07526905530224595,-0.49138696843223284,0.5233705695383885,-0.32326356278929985,-0.8205607535978865,-0.6617467193996405,0.6830853207337566,0.49419751276069074
2016-08-01,-0.2689489383498653,0.1462709909218828,0.0132655147551514,0.26276523461664775,0.21581792691490456,-0.3691707288587212,0.5679304987744744,-0.28727815868324325,-0.8511135682700853,-0.6360754065564808,0.6479260527567403,0.5075051803028908
2016-09-01,-0.09969075567554339,0.11121391311327952,-0.008013211522773428,0.1831171589722084,0.0224964921099923,-0.2091235969971634,0.5934925456908864,-0.26667623380082145,-0.8817219477746316,-0.6100238811311858,0.6313958048336032,0.5221867807475721
2016-10-01,-0.265165515067378,-0.1586349163445338,0.12931216502750248,0.1717579223172529,0.041648265278079244,0.0810820787890772,0.6090937504845428,-0.2596749958348896,-0.911882321867267,-0.5820506313374165,0.6207258468810685,0.5370956379638193
2016-11-01,-0.12764578683665495,-0.008781313592843797,0.2154866038563461,0.22296691178275785,-0.3812377942809274,0.07921137907132224,0.6212013260450185,-0.2568873625016041,-0.9412641528361766,-0.5505418502047215,0.6121908860689349,0.5513602986960157
2016-12-01,0.3219205484701217,0.2822388269054456,-0.01263092623720811,0.147074903281848,-0.6543062499741329,-0.08429710244607429,0.6320825570503789,-0.25543329656430924,-0.9690729177921154,-0.5155912222919585,0.6037745561774674,0.5642660132225545
2017-01-01,0.389310957090765,0.22591738735821282,-0.22428473563298268,0.0692073733863268,-0.7111185774584381,0.2509675952561161,0.6426548083702315,-0.2543402611055347,-0.9946836718027955,-0.4852252368372833,0.594028148553653,0.5750747377378157
2017-02-01,0.4888524284315321,0.25924056537060913,-0.36787514203983385,0.0352065955580553,-0.8023443542426903,0.3869199069223276,0.653419024768984,-0.2532169954704364,-1.0168227254043916,-0.4709791509860749,0.5824693891145628,0.5838757928329584
2017-03-01,0.24961489929980765,0.0842147527357593,-0.30467504755388775,0.02868267064002069,-0.639618549640577,0.581781274518877,0.6645743090970296,-0.2518891739596134,-1.034748091888586,-0.4692974656879489,0.5697295196423188,0.5911947700288179
2017-04-01,-0.0954879881092169,-0.019089742709956455,0.017170229985893563,-0.07439644903225313,-0.21331272112298694,0.38511667098851987,0.6761749853512596,-0.25051851590134644,-1.0497457511841541,-0.47054658356790763,0.557410575568397,0.5979983030067475
2017-05-01,-0.04076385512270378,-0.02073624692231446,-0.2036977507789244,-0.10515287208459642,0.21526730747106212,0.15508341743747697,0.6885132644566404,-0.24967212381439866,-1.063279075643996,-0.47269338160842894,0.5465316249386886,0.6051606944249378
2017-06-01,-0.1283488450261024,0.12368738562052156,0.014970426855966668,-0.04847857550254081,0.2903992109030415,-0.2522296028508865,0.7014069691343612,-0.25008957149140043,-1.0759262651657078,-0.4751521647701493,0.5350744203605773,0.6124765696646707
2017-07-01,-0.1246157100622302,0.23158746640265435,0.11064572962338666,-0.028238001740144274,0.39538854344772717,-0.5847680276713937,0.7145847675358198,-0.2520154964006668,-1.0872214446275212,-0.47746950553943734,0.5207484824748839,0.6192415708489442
2017-08-01,-0.21359901718976282,0.1323151493681492,0.24347674263759334,0.06278554013529258,0.3210679051841274,-0.5460463201353997,0.7284280127645261,-0.25474473180057483,-1.0963473144129605,-0.47933889399055885,0.5025175792667359,0.6246780465323791
2017-09-01,-0.5629427250540817,-0.24684541508866556,0.13184288491972165,-0.031863193055585805,0.7426509699149372,-0.03284252163632571,0.7435440822381035,-0.25792089255569056,-1.1021883510881334,-0.48061335084915835,0.4804839897507814,0.6284491887188094
2017-10-01,-0.29412874199023004,-0.1188095368880448,0.2987025613971707,0.09337739484442886,0.052797016510459316,-0.03193869387378406,0.7600484431622788,-0.26127018321348483,-1.1043403364764512,-0.4811520034249767,0.4565946842607658,0.6299918861604712
2017-11-01,-0.07705931425743359,-0.06978765455611904,0.2199664045496134,0.01405332152640501,-0.11870419955578107,0.03153144229331531,0.7780687103353084,-0.2645971510640996,-1.1035722273660784,-0.48084206615917274,0.4318761687458444,0.6292693735513931
2017-12-01,0.44735505625943345,0.28375807079865173,-0.10558567114890031,0.06969285438435248,-0.6293173515831303,-0.06590295871040701,0.7978602847785674,-0.2675476440082265,-1.1011715498927324,-0.4800364657240111,0.4073495573487443,0.627124762405805
2018-01-01,0.4933264521476589,0.13786129885608056,-0.26300210201848906,0.0014922418166727993,-0.5558394888815769,0.1861615980796536,0.8192892018993798,-0.26981898914224256,-1.0980817728087495,-0.47924978267798996,0.3833168234959956,0.6243577205910519
2018-02-01,0.3519292248201122,-0.10798606824641066,-0.4071625146085072,0.005093773552780401,-0.34594741866240425,0.5040730031444296,0.8415658888336266,-0.2712304672779174,-1.0944872373112207,-0.47875327813137275,0.3598161281079474,0.6215421609694654
2018-03-01,0.21028506323606122,-0.05311705228915154,-0.021399215709626895,-0.018160695638436208,-0.5091825153742181,0.39157441577537155,0.8634394105008136,-0.2720444946983972,-1.0905108505586774,-0.4786134316050768,0.3380128780610025,0.6190422416363378
2018-04-01,-0.1143382778434094,-0.19977808484806814,-0.019261638413538517,-0.053697480606700106,-0.03442811720498918,0.42150359891670536,0.8840564652792778,-0.27277602437286924,-1.0867791048394555,-0.4785625478173679,0.31962587674667037,0.6166495774378827
2018-05-01,-0.014528796921350525,-0.09971277576265981,0.005508537428445407,-0.08455998215513906,0.19765576089908857,-0.004362743488384576,0.9031935798180177,-0.2733802736684608,-1.0834320089275775,-0.4783522581021679,0.30487310261694556,0.6138233889481928
2018-06-01,-0.08637925819639058,0.11641570627912662,0.06705507910703734,-0.05119877166408571,0.2935627007798575,-0.3394554563055452,0.9212713360128555,-0.2734077227919883,-1.0798973518441588,-0.4778490724806461,0.29291336509889926,0.6104126347193625
2018-07-01,-0.14948019119863867,0.24329411943916632,0.21660266531260283,0.10412923717847732,0.29623168992524873,-0.7107775206568565,0.9388428069923445,-0.2728066626357357,-1.0755427561603832,-0.47693700656831783,0.282868007693023,0.6065503457151259
2018-08-01,-0.3210228393998463,0.03221663709195941,0.14399102953698092,0.04096669315953975,0.43913669566161967,-0.3352882160502534,0.9560855344878525,-0.2717313369019808,-1.070579620500122,-0.47551895057572696,0.27457657878503655,0.6020708281396872
2018-09-01,-0.3738690748716749,-0.23164016694198755,0.13827788871085497,-0.059571542651836874,0.5989721432281332,-0.07216924747348878,0.972789140452554,-0.26972258361715307,-1.0657873116543888,-0.47375120077209554,0.26727343112044977,0.5966141136217319
2018-10-01,-0.24741432082382384,-0.2141413139811202,0.21364543491147883,0.044329262100156995,0.1926910314158902,0.010889906377418063,0.987943249951617,-0.26657426604681755,-1.0623094338803418,-0.4721070358677283,0.2609128057251002,0.5906526811084336
2018-11-01,0.07595949242596332,-0.011151667036537092,0.2825328979632543,0.08720610993789267,-0.35006126583305264,-0.08448556745752057,1.0002636187105203,-0.2625948096521847,-1.0605222424320564,-0.470770036428385,0.25570360314124285,0.5849272929794589
2018-12-01,0.3433919001291749,0.019351296523005913,0.09712256070154772,0.090395199933729,-0.5823780356122922,0.032117078324834604,1.0090967430441804,-0.25781066716280815,-1.0596052044130329,-0.46948543763628997,0.2510865679620466,0.5796140129545423
2019-01-01,0.4275299951396664,-0.03447994752838026,-0.2581998748828852,0.08287671671206219,-0.5348233986353105,0.31709650919484744,1.0147215925195696,-0.2523169231247897,-1.0582693208888658,-0.4679293664783608,0.246781604208901,0.5746226969851803
2019-02-01,0.4246977893139915,-0.0032648038817464,-0.34061563482016954,0.01759691200897954,-0.5402698985772328,0.44185563595617783,1.0176944591209647,-0.24653413664454077,-1.0557730021189184,-0.4659772442293198,0.24296537264646773,0.5699702606256184
2019-03-01,0.3181052519067858,-0.09387992141518492,-0.25746771670682994,-0.06239650396224422,-0.408475483048573,0.5041143732260462,1.0179241312144551,-0.24091540869001216,-1.05198538502128,-0.46367526388516755,0.23941806257634798,0.5652217310698271
2019-04-01,0.0362678093145611,0.02261429453023471,0.19885733797138305,-0.05320740977726611,-0.30751365174418877,0.10298161970527599,1.0153381609796626,-0.2357183982570035,-1.046911262753426,-0.46102999635785136,0.23530909155849403,0.5602273059183523
2019-05-01,-0.381477620197113,-0.12932477979531812,-0.1268467629828129,-0.01516114213354186,0.3364879918795843,0.3163223132292016,1.010141471532962,-0.23098643014127132,-1.0408831741392348,-0.45804185014768095,0.2301804938824263,0.5549886091236699
2019-06-01,-0.09252689169605506,0.2175553713863237,0.10906461956950113,-0.031883613233044804,0.2423984389438201,-0.4446079249705451,1.0036215285074264,-0.22638694023161635,-1.0344802540824443,-0.4549482997695656,0.22363937500666142,0.5492709238065577
2019-07-01,-0.09208232524239209,0.2307094960034713,0.0386525000751529,-0.04084722181630964,0.4198196074421285,-0.556252056462051,0.9976135997204824,-0.22172679581906088,-1.0283238225491427,-0.45218964865147276,0.21564768937699988,0.5431855858160298
2019-08-01,-0.32633236840898583,-0.02305348978431459,0.03202769275686788,-0.04709692971962378,0.6672071821457881,-0.3027520869897318,0.9934889221031751,-0.21650478717958807,-1.0224620123102353,-0.4502281297526305,0.20643439704992786,0.5363284191442439
2019-09-01,-0.3858355362878669,-0.16279697903647516,0.17577422021191788,0.021870997221770844,0.46464013881459837,-0.11365284092394505,0.9910329481197336,-0.21035832948659475,-1.0166988398720596,-0.4491399108567157,0.19661585325017072,0.5284359840896447
2019-10-01,-0.3556526586310926,-0.24518537265059373,0.2798673337834246,0.05020079426410597,0.23084894139034295,0.03992096184381274,0.9901046737977461,-0.20344792690780525,-1.0107579338919848,-0.4487543998504569,0.18610926551931492,0.519718068981445
2019-11-01,-0.3490309981385506,-0.22784554162668927,0.2625305467615467,0.07988635208478807,0.07353804279308708,0.16092159812581802,0.9910084087130131,-0.19624633837927655,-1.0048826429136455,-0.4491812048501195,0.17463823168321596,0.5100985766843894
2019-12-01,0.2839311753922621,0.21153469203374434,0.05807004629755432,0.10229440088334403,-0.5414724716524215,-0.11435784295448324,0.9950511356434589,-0.1892413983036293,-0.9994970820023905,-0.4504761610140367,0.16206067236249838,0.49893525179230747
2020-01-01,0.5061379020405986,0.27615649131175324,-0.0945444317471764,0.09864859269186983,-0.8034904204273436,0.017091866130298294,1.0027144955058653,-0.18307085466151674,-0.9950125559497424,-0.45265159746635947,0.14847120312775094,0.48659844626518195
2020-02-01,0.34529789686416357,0.08034475952153332,-0.27252324074100354,0.04609797084361849,-0.616504410796129,0.4172870243078173,1.0130398005941155,-0.17798340354478862,-0.9919897474951037,-0.45543857971792995,0.1348742832148411,0.47418954957214154
2020-03-01,0.190435325870099,-0.10803756120197709,-0.2890188930870047,-0.028964037961086615,-0.3457702829073409,0.5813554492873103,1.0247813246189676,-0.17372367970819666,-0.990551222936716,-0.4583433891773604,0.12163454722695967,0.4621649625302726
2020-04-01,-0.1921931136585945,-0.22835027046725165,-0.10877720835867981,-0.05940910142008835,0.05667165870636185,0.5320580351982526,1.0376144806589462,-0.16974683701898322,-0.9907547102967841,-0.4612047352011594,0.10855969911230683,0.4502120545782555
2020-05-01,-0.02042783525647548,0.03433655311520049,-0.037037101757999645,-0.07977523001795891,0.12714972728284085,-0.024246113365607305,1.0520174166374578,-0.16574148908435382,-0.9924766475848249,-0.4640791769120697,0.09568221636438087,0.43814654025347144
2020-06-01,-0.21459626714462568,-0.05031912118673116,0.021029323352845537,-0.0934991120828839,0.48419884724726814,-0.14681367018587296,1.0668361578128904,-0.16227046919019358,-0.9954114101614605,-0.46689993098387517,0.08406687049209567,0.42683486548422683
2020-07-01,-0.03965353467826523,0.13746193792971348,0.1282128907452871,-0.008456515974324416,0.33410328217641144,-0.5516680601988224,1.0806485970345305,-0.15996740308743346,-0.9991709035392501,-0.4696250796338253,0.07505950770150074,0.4174332849283394
2020-08-01,-0.1541496369068958,0.026565083269469318,0.0789858164542618,-0.058037681824221456,0.5698582982190094,-0.4632218792116232,1.0932253897312951,-0.15865301573995957,-1.0032030891558399,-0.4721959678388332,0.06908990782390098,0.4100607593087999
2020-09-01,-0.3109725906361913,-0.1971343656102321,0.32144826526412484,-0.05302075260264041,0.4526830896536954,-0.2130036460687564,1.1048462486939963,-0.15823962855627988,-1.0070550413589017,-0.4745546837443596,0.06595080230565195,0.404193854701469
2020-10-01,-0.6024710193466959,-0.40789445736671825,0.14857836410566447,-0.004081279852904379,0.6325415319256392,0.23332686053501497,1.1153584184376382,-0.15868992830674097,-1.010400183541271,-0.47659415897509344,0.06482694844161047,0.3997314458528974
2020-11-01,-0.19820368438169564,-0.08528926977569637,0.18187703523807078,0.04628729257770283,0.010323114903145242,0.045005511438473166,1.1238920624614743,-0.15983214084980357,-1.0126737035758908,-0.47798076087239927,0.06448409454729806,0.39647279743525415
2020-12-01,0.45826108896511214,0.17697399510923503,0.07705189846785448,0.10033779854629837,-0.6835028397150158,-0.12912194137348415,1.1302128486097747,-0.1612969481614668,-1.0136821307991934,-0.478570948627156,0.06433039245461902,0.3942851365186344
2021-01-01,0.317209074745245,-0.09694809074160994,-0.40441332870703145,0.03595121497051034,-0.32962940972851623,0.4778305394614023,1.1342664683508281,-0.16268150130629994,-1.0136214301776691,-0.4784632393731462,0.06485676746840317,0.3931362856371849
2021-02-01,0.15446668535591415,-0.12020670851719502,-0.26493511407915216,0.007274259992069284,-0.3642244885561447,0.5876253658045084,1.136149058533728,-0.16352751032035287,-1.0127148914453152,-0.47776087517761096,0.06607944743941446,0.39332507478862255
2021-03-01,-0.0672181977222283,-0.259801684567408,-0.0917144548086996,0.023204643395301282,-0.2695121104458447,0.6650418041488794,1.1357726586654577,-0.16358587546944522,-1.011007762803286,-0.47673925010938006,0.06800112409341318,0.39440213886889847
2021-04-01,-0.17549379075165175,-0.27610030777216454,-0.13640248056282003,-0.08592053306389093,0.09872885933251259,0.5751882528180147,1.1337995917325188,-0.16276282036608292,-1.0080943029276233,-0.4757700072582738,0.07042379885698993,0.39540252488589606
2021-05-01,-0.12165643290764928,-0.021523674020963657,-0.0616208582311182,-0.07622627425014535,0.22927355511849787,0.05175368429137859,1.1310846187969206,-0.1613311035125138,-1.003691726217784,-0.47515935598614384,0.07341708862882368,0.39598489301806317
2021-06-01,-0.05524855037683507,0.13218783187738856,0.009850886714809604,-0.04259856782764321,0.3577866878577012,-0.40197828824542103,1.1289298651820545,-0.1591657840942103,-0.9976970120273456,-0.4750320244882375,0.07620474915697605,0.3957898961864085
2021-07-01,-0.10029109668335641,0.0853739024220563,0.04420092689365645,-0.10637985185834155,0.5275010039228862,-0.4504048846969011,1.1269040655568743,-0.1559609448737385,-0.9905685298077713,-0.47525009616481023,0.07851829593667607,0.3943099194926227
2021-08-01,-0.38737948746114936,-0.03943396838172932,0.1055735088870612,0.01614285503365216,0.6249493446098175,-0.31985225268765227,1.1233916502830692,-0.1518898473832326,-0.9826587167823143,-0.47545494515053915,0.07997168040379285,0.39193518984222575
2021-09-01,-0.30423676819234335,-0.15192266719175848,0.1537925667649893,-0.0305940721749287,0.4460039774163647,-0.1130430366223235,1.1176923232571319,-0.14692516860553176,-0.9736741196385371,-0.47533554258199306,0.07997517346436482,0.3889147206914296
2021-10-01,-0.40887293089324034,-0.3551957600347967,0.19739083773974148,0.01656115274365666,0.3697146868729748,0.1804020135716642,1.1102805210788325,-0.1409081990226591,-0.9636475492621875,-0.4745303625804484,0.07804521353279409,0.3848389411735445
2021-11-01,-0.1625502175316967,-0.15712414570120098,0.3003323898653432,0.11356144932910325,-0.17929904735919894,0.08507957139765018,1.1021455103090378,-0.13458683742269398,-0.9532061353626157,-0.4728735553481738,0.07444053745507137,0.3802110382424581
2021-12-01,0.4242448410611311,0.1587013039789873,-0.0812775620668947,0.021436914142831043,-0.4765504885636007,-0.04655500855245404,1.0937728385345882,-0.1286832912216999,-0.9431915229281033,-0.47055171899005654,0.07015011982429847,0.3758848747149427
2022-01-01,0.8277563300683926,0.502927773655706,-0.12379742826830387,0.009408739120090104,-0.9460841458984288,-0.2702112686774558,1.0859541230732923,-0.12313497416459121,-0.9340065330382812,-0.4678447072681531,0.06527459050500076,0.37180168018747706
2022-02-01,0.7712296322442154,0.41280427801679365,-0.19926955901657656,-0.037377182533388405,-0.864892519188878,-0.08249464952216602,1.08289754090836,-0.11881085993075717,-0.9277332374682331,-0.4654402480318535,0.05921204789418298,0.3685993666045679
2022-03-01,-0.031302659998648286,-0.3132835879995143,-0.302544129205456,-0.05692370318670603,-0.08418476606553314,0.7882388464558576,1.0816745298420258,-0.11471976066309303,-0.9219992067837386,-0.4635249471436837,0.05321772449122013,0.36561181344934485
2022-04-01,-0.3703282068175317,-0.2061290958200841,-0.011968138896558853,0.00679416184997932,0.09526799431479467,0.48636328536940066,1.080750869964165,-0.11073499090929866,-0.9163613024544253,-0.4617359767256023,0.047233217203075016,0.3627260155894972
2022-05-01,-0.3995077752003935,-0.07262430659933515,0.02824319571881582,0.044392305411571,0.2536527097225982,0.1458438709467437,1.0798501996775336,-0.10683571286918139,-0.9107672271336735,-0.45993296173555265,0.04118921598604526,0.35992657759398156
2022-06-01,-0.03951118317853602,0.22996567532616677,0.036561894915415345,-0.08094599121937178,0.23034386657546488,-0.3764142624191392,1.0789628109140992,-0.1030268187204336,-0.9052391947153091,-0.45808057457121043,0.03506556846826722,0.35723451766456
2022-07-01,-0.22672840292240162,0.13964065958219446,0.08338533718587503,0.040223848829130306,0.5595427295050358,-0.596064172179834,1.0781431068487421,-0.09929983890821512,-0.8998021382073015,-0.4561845762137955,0.028861481292546252,0.3546483482621749
2022-08-01,-0.3565018004468217,-0.10169211488075464,0.032112652209480265,-0.004018906567606413,0.7240639466639706,-0.29396377697826803,1.0774441130259533,-0.09565784209895424,-0.8944795618840131,-0.4542569450116119,0.022605414947249252,0.35216264658826973
2022-09-01,-0.44134616090252815,-0.29433878731183444,0.1491905828373791,-0.036761336819328215,0.5457794922389181,0.07747620995739361,1.076931876723805,-0.09211400103984703,-0.8892927513254206,-0.45231871338982943,0.01632283184396681,0.3497918393228838
2022-10-01,-0.2762591199295202,-0.3137732126377006,0.1848046603918339,0.046974701663571594,0.18963589916636586,0.1686170713454494,1.0766719720740967,-0.08866605227839851,-0.8842507172467685,-0.45039110472857835,0.010022537928716558,0.3475369724333778
2022-11-01,-0.005747790778981554,-0.12030020587915213,0.24978727582342178,0.056095535167608256,-0.1670813583133531,-0.01275345601954323,1.0767372612263844,-0.08529261365623828,-0.8793559107611236,-0.44849304521949773,0.0036952150972985407,0.34537164847291457
2022-12-01,0.5206740875708884,0.03760715970142792,-0.15396739424684966,0.0014613038764502428,-0.46462738331843945,0.05885222641652246,1.0771553945666823,-0.08198985446985305,-0.8746097911555059,-0.4466449836339104,-0.002643579199951831,0.34328843529503594
