Solution,Method,K,Bootstrap_Run,Adjusted_Rand_Index
"K-means, K=2",K-means,2,1,0.9667999343804242
"K-means, K=2",K-means,2,2,0.8396088724586405
"K-means, K=2",K-means,2,3,0.8550224405288687
"K-means, K=2",K-means,2,4,0.8550224405288687
"K-means, K=2",K-means,2,5,0.8550224405288687
"K-means, K=2",K-means,2,6,0.8705713336014073
"K-means, K=2",K-means,2,7,0.9668018332898981
"K-means, K=2",K-means,2,8,0.9833296947124791
"K-means, K=2",K-means,2,9,0.9020737560296546
"K-means, K=2",K-means,2,10,0.8550224405288687
"K-means, K=2",K-means,2,11,0.98333071177957
"K-means, K=2",K-means,2,12,0.98333071177957
"K-means, K=2",K-means,2,13,0.9504106111936163
"K-means, K=2",K-means,2,14,0.934164882396938
"K-means, K=2",K-means,2,15,0.8092130221950703
"K-means, K=2",K-means,2,16,0.7500497229985442
"K-means, K=2",K-means,2,17,1.0
"K-means, K=2",K-means,2,18,0.9667999343804242
"K-means, K=2",K-means,2,19,1.0
"K-means, K=2",K-means,2,20,0.9833296947124791
"K-means, K=2",K-means,2,21,0.9341488131282076
"K-means, K=2",K-means,2,22,0.824343377335595
"K-means, K=2",K-means,2,23,0.934164882396938
"K-means, K=2",K-means,2,24,0.9180566024790418
"K-means, K=2",K-means,2,25,0.9180566024790418
"K-means, K=2",K-means,2,26,0.8550224405288687
"K-means, K=2",K-means,2,27,0.9504132583504578
"K-means, K=2",K-means,2,28,0.8550224405288687
"K-means, K=2",K-means,2,29,0.9668018332898981
"K-means, K=2",K-means,2,30,0.8395152576409266
"K-means, K=2",K-means,2,31,0.824343377335595
"K-means, K=2",K-means,2,32,0.8395691148044232
"K-means, K=2",K-means,2,33,0.8396088724586405
"K-means, K=2",K-means,2,34,0.824339359159317
"K-means, K=2",K-means,2,35,0.8705713336014073
"K-means, K=2",K-means,2,36,1.0
"K-means, K=2",K-means,2,37,0.886255590334738
"K-means, K=2",K-means,2,38,0.8705713336014073
"K-means, K=2",K-means,2,39,0.8549428035129181
"K-means, K=2",K-means,2,40,0.9833296947124791
"K-means, K=2",K-means,2,41,0.9180528531108129
"K-means, K=2",K-means,2,42,0.8396131528768797
"K-means, K=2",K-means,2,43,0.9504132583504578
"K-means, K=2",K-means,2,44,0.98333071177957
"K-means, K=2",K-means,2,45,0.9341616189614786
"K-means, K=2",K-means,2,46,0.824343377335595
"K-means, K=2",K-means,2,47,1.0
"K-means, K=2",K-means,2,48,0.9504041812073128
"K-means, K=2",K-means,2,49,0.9180566024790418
"K-means, K=2",K-means,2,50,0.8550224405288687
"K-means, K=2",K-means,2,51,0.9504041812073128
"K-means, K=2",K-means,2,52,0.9020883172583313
"K-means, K=2",K-means,2,53,0.8550224405288687
"K-means, K=2",K-means,2,54,1.0
"K-means, K=2",K-means,2,55,0.8550224405288687
"K-means, K=2",K-means,2,56,0.824339359159317
"K-means, K=2",K-means,2,57,0.7356494544218465
"K-means, K=2",K-means,2,58,1.0
"K-means, K=2",K-means,2,59,0.8550180185442809
"K-means, K=2",K-means,2,60,0.934164882396938
"K-means, K=2",K-means,2,61,0.9833296947124791
"K-means, K=2",K-means,2,62,0.98333071177957
"K-means, K=2",K-means,2,63,0.8550224405288687
"K-means, K=2",K-means,2,64,0.8705713336014073
"K-means, K=2",K-means,2,65,0.98333071177957
"K-means, K=2",K-means,2,66,0.9667999343804242
"K-means, K=2",K-means,2,67,0.8396088724586405
"K-means, K=2",K-means,2,68,0.9504132583504578
"K-means, K=2",K-means,2,69,0.9504041812073128
"K-means, K=2",K-means,2,70,1.0
"K-means, K=2",K-means,2,71,0.8705713336014073
"K-means, K=2",K-means,2,72,1.0
"K-means, K=2",K-means,2,73,0.824343377335595
"K-means, K=2",K-means,2,74,0.9341488131282076
"K-means, K=2",K-means,2,75,0.9341616189614786
"K-means, K=2",K-means,2,76,0.8550224405288687
"K-means, K=2",K-means,2,77,1.0
"K-means, K=2",K-means,2,78,0.8395691148044232
"K-means, K=2",K-means,2,79,0.8705713336014073
"K-means, K=2",K-means,2,80,0.824339359159317
"K-means, K=2",K-means,2,81,0.98333071177957
"K-means, K=2",K-means,2,82,0.8550180185442809
"K-means, K=2",K-means,2,83,0.9020883172583313
"K-means, K=2",K-means,2,84,1.0
"K-means, K=2",K-means,2,85,0.9668018332898981
"K-means, K=2",K-means,2,86,0.9667999343804242
"K-means, K=2",K-means,2,87,0.824343377335595
"K-means, K=2",K-means,2,88,0.9180316002082186
"K-means, K=2",K-means,2,89,1.0
"K-means, K=2",K-means,2,90,0.8705713336014073
"K-means, K=2",K-means,2,91,0.8242737029144702
"K-means, K=2",K-means,2,92,1.0
"K-means, K=2",K-means,2,93,1.0
"K-means, K=2",K-means,2,94,0.9180528531108129
"K-means, K=2",K-means,2,95,0.8550224405288687
"K-means, K=2",K-means,2,96,0.8549793146694845
"K-means, K=2",K-means,2,97,0.8705713336014073
"K-means, K=2",K-means,2,98,1.0
"K-means, K=2",K-means,2,99,0.9341616189614786
"K-means, K=2",K-means,2,100,0.9341616189614786
"K-means, K=2",K-means,2,101,0.824339359159317
"K-means, K=2",K-means,2,102,0.9504132583504578
"K-means, K=2",K-means,2,103,0.98333071177957
"K-means, K=2",K-means,2,104,0.9504106111936163
"K-means, K=2",K-means,2,105,0.9504132583504578
"K-means, K=2",K-means,2,106,1.0
"K-means, K=2",K-means,2,107,0.8396131528768797
"K-means, K=2",K-means,2,108,1.0
"K-means, K=2",K-means,2,109,0.9667999343804242
"K-means, K=2",K-means,2,110,0.9341616189614786
"K-means, K=2",K-means,2,111,0.8550224405288687
"K-means, K=2",K-means,2,112,0.9504132583504578
"K-means, K=2",K-means,2,113,0.9833296947124791
"K-means, K=2",K-means,2,114,1.0
"K-means, K=2",K-means,2,115,0.824339359159317
"K-means, K=2",K-means,2,116,0.8550180185442809
"K-means, K=2",K-means,2,117,0.8549428035129181
"K-means, K=2",K-means,2,118,1.0
"K-means, K=2",K-means,2,119,0.9020524664414681
"K-means, K=2",K-means,2,120,0.9668018332898981
"K-means, K=2",K-means,2,121,0.934164882396938
"K-means, K=2",K-means,2,122,0.8396131528768797
"K-means, K=2",K-means,2,123,1.0
"K-means, K=2",K-means,2,124,0.9504132583504578
"K-means, K=2",K-means,2,125,0.9180528531108129
"K-means, K=2",K-means,2,126,0.9341616189614786
"K-means, K=2",K-means,2,127,0.8550224405288687
"K-means, K=2",K-means,2,128,0.9833296947124791
"K-means, K=2",K-means,2,129,1.0
"K-means, K=2",K-means,2,130,0.8242254343890787
"K-means, K=2",K-means,2,131,0.8549981162750045
"K-means, K=2",K-means,2,132,0.8550224405288687
"K-means, K=2",K-means,2,133,0.8862113373899181
"K-means, K=2",K-means,2,134,0.886255590334738
"K-means, K=2",K-means,2,135,0.9833296947124791
"K-means, K=2",K-means,2,136,0.9341616189614786
"K-means, K=2",K-means,2,137,0.9668018332898981
"K-means, K=2",K-means,2,138,1.0
"K-means, K=2",K-means,2,139,0.9180566024790418
"K-means, K=2",K-means,2,140,0.824339359159317
"K-means, K=2",K-means,2,141,0.9668018332898981
"K-means, K=2",K-means,2,142,0.98333071177957
"K-means, K=2",K-means,2,143,1.0
"K-means, K=2",K-means,2,144,0.934164882396938
"K-means, K=2",K-means,2,145,0.9341616189614786
"K-means, K=2",K-means,2,146,0.8705713336014073
"K-means, K=2",K-means,2,147,0.8092130221950703
"K-means, K=2",K-means,2,148,1.0
"K-means, K=2",K-means,2,149,0.8396131528768797
"K-means, K=2",K-means,2,150,1.0
"K-means, K=2",K-means,2,151,1.0
"K-means, K=2",K-means,2,152,0.9504132583504578
"K-means, K=2",K-means,2,153,0.934164882396938
"K-means, K=2",K-means,2,154,0.9341488131282076
"K-means, K=2",K-means,2,155,0.9504132583504578
"K-means, K=2",K-means,2,156,0.9180566024790418
"K-means, K=2",K-means,2,157,1.0
"K-means, K=2",K-means,2,158,0.9341616189614786
"K-means, K=2",K-means,2,159,0.8550224405288687
"K-means, K=2",K-means,2,160,0.9341535845110328
"K-means, K=2",K-means,2,161,0.9833296947124791
"K-means, K=2",K-means,2,162,1.0
"K-means, K=2",K-means,2,163,0.8705713336014073
"K-means, K=2",K-means,2,164,1.0
"K-means, K=2",K-means,2,165,1.0
"K-means, K=2",K-means,2,166,0.98333071177957
"K-means, K=2",K-means,2,167,0.9668018332898981
"K-means, K=2",K-means,2,168,0.9341616189614786
"K-means, K=2",K-means,2,169,0.934164882396938
"K-means, K=2",K-means,2,170,0.9020883172583313
"K-means, K=2",K-means,2,171,0.9504041812073128
"K-means, K=2",K-means,2,172,0.9504132583504578
"K-means, K=2",K-means,2,173,0.8550224405288687
"K-means, K=2",K-means,2,174,0.9504041812073128
"K-means, K=2",K-means,2,175,1.0
"K-means, K=2",K-means,2,176,0.8862373727031526
"K-means, K=2",K-means,2,177,1.0
"K-means, K=2",K-means,2,178,1.0
"K-means, K=2",K-means,2,179,0.98333071177957
"K-means, K=2",K-means,2,180,0.9020524664414681
"K-means, K=2",K-means,2,181,1.0
"K-means, K=2",K-means,2,182,1.0
"K-means, K=2",K-means,2,183,0.8549793146694845
"K-means, K=2",K-means,2,184,0.9180566024790418
"K-means, K=2",K-means,2,185,0.8705713336014073
"K-means, K=2",K-means,2,186,0.9020883172583313
"K-means, K=2",K-means,2,187,0.9504041812073128
"K-means, K=2",K-means,2,188,0.9020883172583313
"K-means, K=2",K-means,2,189,1.0
"K-means, K=2",K-means,2,190,1.0
"K-means, K=2",K-means,2,191,0.8550224405288687
"K-means, K=2",K-means,2,192,1.0
"K-means, K=2",K-means,2,193,0.8549793146694845
"K-means, K=2",K-means,2,194,0.9833296947124791
"K-means, K=2",K-means,2,195,0.8550224405288687
"K-means, K=2",K-means,2,196,0.8862373727031526
"K-means, K=2",K-means,2,197,0.8550180185442809
"K-means, K=2",K-means,2,198,0.8549793146694845
"K-means, K=2",K-means,2,199,0.9180484784142041
"K-means, K=2",K-means,2,200,0.824343377335595
"K-means, K=3",K-means,3,1,1.0
"K-means, K=3",K-means,3,2,1.0
"K-means, K=3",K-means,3,3,0.3122351510505404
"K-means, K=3",K-means,3,4,0.9742383600127295
"K-means, K=3",K-means,3,5,0.8987466675503525
"K-means, K=3",K-means,3,6,0.6454415826807844
"K-means, K=3",K-means,3,7,0.9611527585092122
"K-means, K=3",K-means,3,8,0.9522241586504424
"K-means, K=3",K-means,3,9,0.9611948363813096
"K-means, K=3",K-means,3,10,0.6454415826807844
"K-means, K=3",K-means,3,11,0.9524691540989317
"K-means, K=3",K-means,3,12,0.9611527585092122
"K-means, K=3",K-means,3,13,0.8838495264583025
"K-means, K=3",K-means,3,14,0.9637114974385332
"K-means, K=3",K-means,3,15,0.6553196038503456
"K-means, K=3",K-means,3,16,0.9660014411521404
"K-means, K=3",K-means,3,17,1.0
"K-means, K=3",K-means,3,18,0.9105183116174568
"K-means, K=3",K-means,3,19,0.9304916630760888
"K-means, K=3",K-means,3,20,0.7375078152869475
"K-means, K=3",K-means,3,21,0.6627498861559068
"K-means, K=3",K-means,3,22,0.886800365348119
"K-means, K=3",K-means,3,23,0.929532885202305
"K-means, K=3",K-means,3,24,0.6047368708067822
"K-means, K=3",K-means,3,25,0.906168177173666
"K-means, K=3",K-means,3,26,0.8028368736298186
"K-means, K=3",K-means,3,27,1.0
"K-means, K=3",K-means,3,28,0.6326497849408617
"K-means, K=3",K-means,3,29,0.9866957257746005
"K-means, K=3",K-means,3,30,0.6529083361121242
"K-means, K=3",K-means,3,31,0.6520156562901096
"K-means, K=3",K-means,3,32,1.0
"K-means, K=3",K-means,3,33,1.0
"K-means, K=3",K-means,3,34,0.9360503975402348
"K-means, K=3",K-means,3,35,1.0
"K-means, K=3",K-means,3,36,1.0
"K-means, K=3",K-means,3,37,0.8508844177450806
"K-means, K=3",K-means,3,38,0.961926139286628
"K-means, K=3",K-means,3,39,0.6716598948968773
"K-means, K=3",K-means,3,40,0.6683886684032349
"K-means, K=3",K-means,3,41,0.6079672094560324
"K-means, K=3",K-means,3,42,0.948910932593668
"K-means, K=3",K-means,3,43,0.7391689371188558
"K-means, K=3",K-means,3,44,0.6454415826807844
"K-means, K=3",K-means,3,45,1.0
"K-means, K=3",K-means,3,46,0.6605576653868906
"K-means, K=3",K-means,3,47,0.32492461241929393
"K-means, K=3",K-means,3,48,0.9489610285118529
"K-means, K=3",K-means,3,49,0.9742675845262936
"K-means, K=3",K-means,3,50,0.9874750990213136
"K-means, K=3",K-means,3,51,0.6454415826807844
"K-means, K=3",K-means,3,52,1.0
"K-means, K=3",K-means,3,53,0.6764003849808301
"K-means, K=3",K-means,3,54,0.9497611858991015
"K-means, K=3",K-means,3,55,0.5850166637730523
"K-means, K=3",K-means,3,56,0.9874899483801705
"K-means, K=3",K-means,3,57,1.0
"K-means, K=3",K-means,3,58,0.6852624502878436
"K-means, K=3",K-means,3,59,0.9522241586504424
"K-means, K=3",K-means,3,60,0.7638278529686433
"K-means, K=3",K-means,3,61,1.0
"K-means, K=3",K-means,3,62,0.6513326826686445
"K-means, K=3",K-means,3,63,0.8246799029437725
"K-means, K=3",K-means,3,64,0.6430679384115519
"K-means, K=3",K-means,3,65,1.0
"K-means, K=3",K-means,3,66,0.6274418773190834
"K-means, K=3",K-means,3,67,0.9867046434580833
"K-means, K=3",K-means,3,68,0.9313009535144782
"K-means, K=3",K-means,3,69,0.6978193372427984
"K-means, K=3",K-means,3,70,0.9771691557938111
"K-means, K=3",K-means,3,71,0.6764003849808301
"K-means, K=3",K-means,3,72,0.6280266523618211
"K-means, K=3",K-means,3,73,0.9637114974385332
"K-means, K=3",K-means,3,74,0.6692728676879016
"K-means, K=3",K-means,3,75,0.9004603083552918
"K-means, K=3",K-means,3,76,0.9381678745970747
"K-means, K=3",K-means,3,77,0.9640447219688792
"K-means, K=3",K-means,3,78,0.9644477498988251
"K-means, K=3",K-means,3,79,0.9478296976795813
"K-means, K=3",K-means,3,80,0.939241687685543
"K-means, K=3",K-means,3,81,0.7899000758835257
"K-means, K=3",K-means,3,82,0.9404760009415348
"K-means, K=3",K-means,3,83,1.0
"K-means, K=3",K-means,3,84,0.9637114974385332
"K-means, K=3",K-means,3,85,0.6952688768970791
"K-means, K=3",K-means,3,86,0.9231244528159425
"K-means, K=3",K-means,3,87,0.9478296976795813
"K-means, K=3",K-means,3,88,0.6047368708067822
"K-means, K=3",K-means,3,89,0.9866957257746005
"K-means, K=3",K-means,3,90,0.9504059125035588
"K-means, K=3",K-means,3,91,0.6326497849408617
"K-means, K=3",K-means,3,92,0.8797623799549045
"K-means, K=3",K-means,3,93,0.8610153959323796
"K-means, K=3",K-means,3,94,0.9441690940413294
"K-means, K=3",K-means,3,95,0.6677117380310542
"K-means, K=3",K-means,3,96,0.8757262038416957
"K-means, K=3",K-means,3,97,0.6845917972219919
"K-means, K=3",K-means,3,98,0.6529083361121242
"K-means, K=3",K-means,3,99,0.6683886684032349
"K-means, K=3",K-means,3,100,0.9637114974385332
"K-means, K=3",K-means,3,101,0.6253096429504725
"K-means, K=3",K-means,3,102,0.6216879441942951
"K-means, K=3",K-means,3,103,0.8587887809557468
"K-means, K=3",K-means,3,104,0.6536578478753969
"K-means, K=3",K-means,3,105,1.0
"K-means, K=3",K-means,3,106,0.6683886684032349
"K-means, K=3",K-means,3,107,0.9103636901738668
"K-means, K=3",K-means,3,108,0.8461717287638494
"K-means, K=3",K-means,3,109,1.0
"K-means, K=3",K-means,3,110,0.6666621358303724
"K-means, K=3",K-means,3,111,0.8247785343862994
"K-means, K=3",K-means,3,112,0.6326497849408617
"K-means, K=3",K-means,3,113,0.9525619375432253
"K-means, K=3",K-means,3,114,0.9866957257746005
"K-means, K=3",K-means,3,115,0.30845062189489175
"K-means, K=3",K-means,3,116,1.0
"K-means, K=3",K-means,3,117,0.9637114974385332
"K-means, K=3",K-means,3,118,0.9874750990213136
"K-means, K=3",K-means,3,119,0.31296237071073774
"K-means, K=3",K-means,3,120,1.0
"K-means, K=3",K-means,3,121,0.9885025377670673
"K-means, K=3",K-means,3,122,0.6793472834008324
"K-means, K=3",K-means,3,123,0.9215492903066445
"K-means, K=3",K-means,3,124,0.9187572833313463
"K-means, K=3",K-means,3,125,0.9056892836118001
"K-means, K=3",K-means,3,126,0.961926139286628
"K-means, K=3",K-means,3,127,1.0
"K-means, K=3",K-means,3,128,0.9771691557938111
"K-means, K=3",K-means,3,129,0.78485703654305
"K-means, K=3",K-means,3,130,0.8987466675503525
"K-means, K=3",K-means,3,131,1.0
"K-means, K=3",K-means,3,132,1.0
"K-means, K=3",K-means,3,133,0.8757262038416957
"K-means, K=3",K-means,3,134,0.8768983763016585
"K-means, K=3",K-means,3,135,0.9200117958694304
"K-means, K=3",K-means,3,136,0.7646398365756988
"K-means, K=3",K-means,3,137,0.9441690940413294
"K-means, K=3",K-means,3,138,0.6529083361121242
"K-means, K=3",K-means,3,139,0.8311401148173576
"K-means, K=3",K-means,3,140,0.6793472834008324
"K-means, K=3",K-means,3,141,0.8995924121145363
"K-means, K=3",K-means,3,142,0.9885025377670673
"K-means, K=3",K-means,3,143,0.9611527585092122
"K-means, K=3",K-means,3,144,0.8640793027400493
"K-means, K=3",K-means,3,145,0.9742383600127295
"K-means, K=3",K-means,3,146,0.3010297194362598
"K-means, K=3",K-means,3,147,0.6666621358303724
"K-means, K=3",K-means,3,148,0.9874750990213136
"K-means, K=3",K-means,3,149,0.6845917972219919
"K-means, K=3",K-means,3,150,0.9482204272789023
"K-means, K=3",K-means,3,151,0.9647937023620753
"K-means, K=3",K-means,3,152,0.9095004864172006
"K-means, K=3",K-means,3,153,0.9522562069673616
"K-means, K=3",K-means,3,154,0.9750939056571158
"K-means, K=3",K-means,3,155,0.9874899483801705
"K-means, K=3",K-means,3,156,0.6253096429504725
"K-means, K=3",K-means,3,157,0.9647937023620753
"K-means, K=3",K-means,3,158,0.9522562069673616
"K-means, K=3",K-means,3,159,0.8848739989943637
"K-means, K=3",K-means,3,160,0.8745879566304886
"K-means, K=3",K-means,3,161,0.9771691557938111
"K-means, K=3",K-means,3,162,0.9441690940413294
"K-means, K=3",K-means,3,163,0.9182794960543244
"K-means, K=3",K-means,3,164,1.0
"K-means, K=3",K-means,3,165,0.7119133104876263
"K-means, K=3",K-means,3,166,0.8848739989943637
"K-means, K=3",K-means,3,167,0.5850166637730523
"K-means, K=3",K-means,3,168,0.9605384157132908
"K-means, K=3",K-means,3,169,0.9866957257746005
"K-means, K=3",K-means,3,170,0.6935273178772337
"K-means, K=3",K-means,3,171,0.866107938824933
"K-means, K=3",K-means,3,172,0.9482204272789023
"K-means, K=3",K-means,3,173,1.0
"K-means, K=3",K-means,3,174,0.6716598948968773
"K-means, K=3",K-means,3,175,0.6764003849808301
"K-means, K=3",K-means,3,176,0.6807384984721166
"K-means, K=3",K-means,3,177,0.9867046434580833
"K-means, K=3",K-means,3,178,0.6605576653868906
"K-means, K=3",K-means,3,179,0.6759061322958657
"K-means, K=3",K-means,3,180,0.6605576653868906
"K-means, K=3",K-means,3,181,0.9866957257746005
"K-means, K=3",K-means,3,182,0.9866957257746005
"K-means, K=3",K-means,3,183,0.961926139286628
"K-means, K=3",K-means,3,184,0.6529083361121242
"K-means, K=3",K-means,3,185,0.9504059125035588
"K-means, K=3",K-means,3,186,0.8885929498398217
"K-means, K=3",K-means,3,187,0.7755050984179332
"K-means, K=3",K-means,3,188,0.9771691557938111
"K-means, K=3",K-means,3,189,0.78485703654305
"K-means, K=3",K-means,3,190,0.961926139286628
"K-means, K=3",K-means,3,191,0.6253096429504725
"K-means, K=3",K-means,3,192,0.9372545539875208
"K-means, K=3",K-means,3,193,0.9771691557938111
"K-means, K=3",K-means,3,194,0.9867046434580833
"K-means, K=3",K-means,3,195,0.9771691557938111
"K-means, K=3",K-means,3,196,1.0
"K-means, K=3",K-means,3,197,0.9874750990213136
"K-means, K=3",K-means,3,198,0.8995924121145363
"K-means, K=3",K-means,3,199,0.8985901709005076
"K-means, K=3",K-means,3,200,0.9105183116174568
"GMM, K=2",GMM,2,1,0.49967380654919424
"GMM, K=2",GMM,2,2,0.4762406471422563
"GMM, K=2",GMM,2,3,0.7071840214533095
"GMM, K=2",GMM,2,4,0.6251936651356813
"GMM, K=2",GMM,2,5,0.586063383475452
"GMM, K=2",GMM,2,6,0.28145006533624484
"GMM, K=2",GMM,2,7,0.4310839356741232
"GMM, K=2",GMM,2,8,0.48789802245740627
"GMM, K=2",GMM,2,9,0.6519562292831089
"GMM, K=2",GMM,2,10,0.8396108996020982
"GMM, K=2",GMM,2,11,0.6519562292831089
"GMM, K=2",GMM,2,12,0.7356418854354901
"GMM, K=2",GMM,2,13,0.4421248681812111
"GMM, K=2",GMM,2,14,0.4533684506654436
"GMM, K=2",GMM,2,15,0.9020917412040524
"GMM, K=2",GMM,2,16,0.8243399981163061
"GMM, K=2",GMM,2,17,0.5481971371131872
"GMM, K=2",GMM,2,18,0.6251796307563101
"GMM, K=2",GMM,2,19,0.886263031063228
"GMM, K=2",GMM,2,20,0.6655507097586015
"GMM, K=2",GMM,2,21,0.8092080929177844
"GMM, K=2",GMM,2,22,0.8243399981163061
"GMM, K=2",GMM,2,23,0.43109464685816395
"GMM, K=2",GMM,2,24,0.7356351542268563
"GMM, K=2",GMM,2,25,0.5358727175213094
"GMM, K=2",GMM,2,26,0.8092046637050955
"GMM, K=2",GMM,2,27,0.5989612687922456
"GMM, K=2",GMM,2,28,0.7356351542268563
"GMM, K=2",GMM,2,29,0.5989612687922456
"GMM, K=2",GMM,2,30,0.679291036088158
"GMM, K=2",GMM,2,31,0.5236754315168706
"GMM, K=2",GMM,2,32,0.9504185161317054
"GMM, K=2",GMM,2,33,0.44216831471194856
"GMM, K=2",GMM,2,34,0.586063383475452
"GMM, K=2",GMM,2,35,0.9020926210780007
"GMM, K=2",GMM,2,36,0.7942117302251983
"GMM, K=2",GMM,2,37,0.5236558636144137
"GMM, K=2",GMM,2,38,0.7646444018236449
"GMM, K=2",GMM,2,39,0.5989695062861291
"GMM, K=2",GMM,2,40,0.6384981521835453
"GMM, K=2",GMM,2,41,0.7793583081059665
"GMM, K=2",GMM,2,42,0.8243371039798475
"GMM, K=2",GMM,2,43,0.5989671895251784
"GMM, K=2",GMM,2,44,0.6120061476796439
"GMM, K=2",GMM,2,45,0.8396114486925452
"GMM, K=2",GMM,2,46,0.5236680937418513
"GMM, K=2",GMM,2,47,0.6251796307563101
"GMM, K=2",GMM,2,48,0.7213398214170106
"GMM, K=2",GMM,2,49,0.6384981521835453
"GMM, K=2",GMM,2,50,0.6519562292831089
"GMM, K=2",GMM,2,51,0.6931769494719243
"GMM, K=2",GMM,2,52,0.4093518485922855
"GMM, K=2",GMM,2,53,0.49966513532040135
"GMM, K=2",GMM,2,54,0.9668060745334889
"GMM, K=2",GMM,2,55,0.679294535763439
"GMM, K=2",GMM,2,56,0.8243371039798475
"GMM, K=2",GMM,2,57,0.573301170241641
"GMM, K=2",GMM,2,58,0.4647206435495551
"GMM, K=2",GMM,2,59,0.4421432502316586
"GMM, K=2",GMM,2,60,0.9180617349863393
"GMM, K=2",GMM,2,61,0.8243371039798475
"GMM, K=2",GMM,2,62,0.7646444018236449
"GMM, K=2",GMM,2,63,0.6519562292831089
"GMM, K=2",GMM,2,64,0.870572969418041
"GMM, K=2",GMM,2,65,0.8396090463940826
"GMM, K=2",GMM,2,66,0.5989695062861291
"GMM, K=2",GMM,2,67,0.8396090463940826
"GMM, K=2",GMM,2,68,0.4878844356640482
"GMM, K=2",GMM,2,69,0.5236509713875878
"GMM, K=2",GMM,2,70,0.6519562292831089
"GMM, K=2",GMM,2,71,0.7793583081059665
"GMM, K=2",GMM,2,72,0.9668061739687769
"GMM, K=2",GMM,2,73,0.665553858474636
"GMM, K=2",GMM,2,74,0.7793629346763925
"GMM, K=2",GMM,2,75,0.9341703682226371
"GMM, K=2",GMM,2,76,0.7942157371250073
"GMM, K=2",GMM,2,77,0.886263031063228
"GMM, K=2",GMM,2,78,0.8396114486925452
"GMM, K=2",GMM,2,79,0.9180617349863393
"GMM, K=2",GMM,2,80,0.38808644299286316
"GMM, K=2",GMM,2,81,0.9341703682226371
"GMM, K=2",GMM,2,82,0.44217332733773396
"GMM, K=2",GMM,2,83,0.665553858474636
"GMM, K=2",GMM,2,84,0.855020486202873
"GMM, K=2",GMM,2,85,0.8243371039798475
"GMM, K=2",GMM,2,86,0.7500700157649082
"GMM, K=2",GMM,2,87,0.4421547085592661
"GMM, K=2",GMM,2,88,0.6384981521835453
"GMM, K=2",GMM,2,89,0.5236558636144137
"GMM, K=2",GMM,2,90,0.8862627146916761
"GMM, K=2",GMM,2,91,0.8243371039798475
"GMM, K=2",GMM,2,92,0.7646444018236449
"GMM, K=2",GMM,2,93,0.6931677583641048
"GMM, K=2",GMM,2,94,0.5733197031317351
"GMM, K=2",GMM,2,95,0.4311003674389558
"GMM, K=2",GMM,2,96,0.5116102091495756
"GMM, K=2",GMM,2,97,0.5358494793467742
"GMM, K=2",GMM,2,98,0.679294535763439
"GMM, K=2",GMM,2,99,0.6251796307563101
"GMM, K=2",GMM,2,100,0.6251846832539592
"GMM, K=2",GMM,2,101,0.8092046637050955
"GMM, K=2",GMM,2,102,0.7646444018236449
"GMM, K=2",GMM,2,103,0.6120131209671773
"GMM, K=2",GMM,2,104,0.38816184892492284
"GMM, K=2",GMM,2,105,0.49966781165765173
"GMM, K=2",GMM,2,106,0.9020926210780007
"GMM, K=2",GMM,2,107,0.9020926210780007
"GMM, K=2",GMM,2,108,0.573301170241641
"GMM, K=2",GMM,2,109,0.9341701146814262
"GMM, K=2",GMM,2,110,0.6519541440994208
"GMM, K=2",GMM,2,111,0.4762406471422563
"GMM, K=2",GMM,2,112,0.8396090463940826
"GMM, K=2",GMM,2,113,0.8396090463940826
"GMM, K=2",GMM,2,114,0.9504185161317054
"GMM, K=2",GMM,2,115,0.46473988435371194
"GMM, K=2",GMM,2,116,0.625181154539788
"GMM, K=2",GMM,2,117,0.5236395558008571
"GMM, K=2",GMM,2,118,0.45340739511228667
"GMM, K=2",GMM,2,119,0.870572969418041
"GMM, K=2",GMM,2,120,0.18448148286257246
"GMM, K=2",GMM,2,121,0.31827658891743993
"GMM, K=2",GMM,2,122,0.5358631841927399
"GMM, K=2",GMM,2,123,0.49968440430956024
"GMM, K=2",GMM,2,124,0.6931752425935358
"GMM, K=2",GMM,2,125,0.4201562937316307
"GMM, K=2",GMM,2,126,0.7646444018236449
"GMM, K=2",GMM,2,127,0.586063383475452
"GMM, K=2",GMM,2,128,0.6120106305361186
"GMM, K=2",GMM,2,129,0.523653315592148
"GMM, K=2",GMM,2,130,0.9180611213508301
"GMM, K=2",GMM,2,131,0.9504182933424659
"GMM, K=2",GMM,2,132,0.6931677583641048
"GMM, K=2",GMM,2,133,0.48787654622737875
"GMM, K=2",GMM,2,134,0.9341703682226371
"GMM, K=2",GMM,2,135,0.5606765297448983
"GMM, K=2",GMM,2,136,0.7646444018236449
"GMM, K=2",GMM,2,137,0.5115964155778171
"GMM, K=2",GMM,2,138,0.8396090463940826
"GMM, K=2",GMM,2,139,0.6251936651356813
"GMM, K=2",GMM,2,140,0.39868703327017824
"GMM, K=2",GMM,2,141,0.4878844356640482
"GMM, K=2",GMM,2,142,0.6931709096631036
"GMM, K=2",GMM,2,143,0.6655592970263254
"GMM, K=2",GMM,2,144,0.7942134915190594
"GMM, K=2",GMM,2,145,0.8092046637050955
"GMM, K=2",GMM,2,146,0.7793583081059665
"GMM, K=2",GMM,2,147,0.8092046637050955
"GMM, K=2",GMM,2,148,0.5482071906107637
"GMM, K=2",GMM,2,149,0.5607002166822281
"GMM, K=2",GMM,2,150,0.9020926210780007
"GMM, K=2",GMM,2,151,0.8243371039798475
"GMM, K=2",GMM,2,152,0.612000668492161
"GMM, K=2",GMM,2,153,0.7646444018236449
"GMM, K=2",GMM,2,154,0.6251796307563101
"GMM, K=2",GMM,2,155,0.7942117302251983
"GMM, K=2",GMM,2,156,0.4879019668752831
"GMM, K=2",GMM,2,157,0.4647206435495551
"GMM, K=2",GMM,2,158,0.8705714185717388
"GMM, K=2",GMM,2,159,0.9341703682226371
"GMM, K=2",GMM,2,160,0.934169973824354
"GMM, K=2",GMM,2,161,0.6120083061049515
"GMM, K=2",GMM,2,162,0.679291036088158
"GMM, K=2",GMM,2,163,0.665553858474636
"GMM, K=2",GMM,2,164,0.855020486202873
"GMM, K=2",GMM,2,165,0.29959016985561904
"GMM, K=2",GMM,2,166,0.4421368047155196
"GMM, K=2",GMM,2,167,0.5236558636144137
"GMM, K=2",GMM,2,168,0.855020486202873
"GMM, K=2",GMM,2,169,0.7646444018236449
"GMM, K=2",GMM,2,170,1.0
"GMM, K=2",GMM,2,171,0.665553858474636
"GMM, K=2",GMM,2,172,0.4093340306004628
"GMM, K=2",GMM,2,173,0.5116102091495756
"GMM, K=2",GMM,2,174,0.46476530758055573
"GMM, K=2",GMM,2,175,0.586063383475452
"GMM, K=2",GMM,2,176,0.5989650443522827
"GMM, K=2",GMM,2,177,0.886263031063228
"GMM, K=2",GMM,2,178,0.19927201879345163
"GMM, K=2",GMM,2,179,0.4201044345019369
"GMM, K=2",GMM,2,180,0.9668061739687769
"GMM, K=2",GMM,2,181,0.3777762966264903
"GMM, K=2",GMM,2,182,0.7071840214533095
"GMM, K=2",GMM,2,183,0.9020917412040524
"GMM, K=2",GMM,2,184,0.573301170241641
"GMM, K=2",GMM,2,185,0.49966042489729834
"GMM, K=2",GMM,2,186,0.9504182933424659
"GMM, K=2",GMM,2,187,0.8092046637050955
"GMM, K=2",GMM,2,188,0.5358532532256853
"GMM, K=2",GMM,2,189,0.5989612687922456
"GMM, K=2",GMM,2,190,0.8396114486925452
"GMM, K=2",GMM,2,191,0.38816184892492284
"GMM, K=2",GMM,2,192,0.9020926210780007
"GMM, K=2",GMM,2,193,0.5733165079207126
"GMM, K=2",GMM,2,194,0.7793583081059665
"GMM, K=2",GMM,2,195,0.6931677583641048
"GMM, K=2",GMM,2,196,0.8396090463940826
"GMM, K=2",GMM,2,197,0.10203060021032974
"GMM, K=2",GMM,2,198,0.22251286768735049
"GMM, K=2",GMM,2,199,0.3674338870940098
"GMM, K=2",GMM,2,200,0.38815517310793357
"GMM, K=3",GMM,3,1,0.35360240699246176
"GMM, K=3",GMM,3,2,0.3882815612713117
"GMM, K=3",GMM,3,3,0.4892696341519727
"GMM, K=3",GMM,3,4,0.8503153857137581
"GMM, K=3",GMM,3,5,0.4402907538476942
"GMM, K=3",GMM,3,6,0.6380853437575783
"GMM, K=3",GMM,3,7,0.47931283641784744
"GMM, K=3",GMM,3,8,0.39312396838807623
"GMM, K=3",GMM,3,9,0.38564363010037717
"GMM, K=3",GMM,3,10,0.7967351306144232
"GMM, K=3",GMM,3,11,0.7734114016269003
"GMM, K=3",GMM,3,12,0.4481926857633678
"GMM, K=3",GMM,3,13,0.8192266094238349
"GMM, K=3",GMM,3,14,0.8470961510903031
"GMM, K=3",GMM,3,15,0.3797770348143091
"GMM, K=3",GMM,3,16,0.21945040759621703
"GMM, K=3",GMM,3,17,0.4779975795640661
"GMM, K=3",GMM,3,18,0.4983428609405671
"GMM, K=3",GMM,3,19,0.35543047940471756
"GMM, K=3",GMM,3,20,0.5289386891551474
"GMM, K=3",GMM,3,21,0.31197096556662707
"GMM, K=3",GMM,3,22,0.5227260554035713
"GMM, K=3",GMM,3,23,0.8272066298741461
"GMM, K=3",GMM,3,24,0.9006625508924267
"GMM, K=3",GMM,3,25,0.9368156049419019
"GMM, K=3",GMM,3,26,0.7252441772954014
"GMM, K=3",GMM,3,27,0.6534091863471647
"GMM, K=3",GMM,3,28,0.5479626812028019
"GMM, K=3",GMM,3,29,0.8790000241731187
"GMM, K=3",GMM,3,30,0.45672377683446724
"GMM, K=3",GMM,3,31,0.36663786592165376
"GMM, K=3",GMM,3,32,0.38276526146023093
"GMM, K=3",GMM,3,33,0.35930018439701633
"GMM, K=3",GMM,3,34,0.9111676417384518
"GMM, K=3",GMM,3,35,0.4127973383506322
"GMM, K=3",GMM,3,36,0.7684897277529693
"GMM, K=3",GMM,3,37,0.4140980657592821
"GMM, K=3",GMM,3,38,0.5420751468830453
"GMM, K=3",GMM,3,39,0.33652152869308544
"GMM, K=3",GMM,3,40,0.9021152060161647
"GMM, K=3",GMM,3,41,0.7727412879382705
"GMM, K=3",GMM,3,42,0.9296035579642304
"GMM, K=3",GMM,3,43,0.9287486850744752
"GMM, K=3",GMM,3,44,0.36703488758810227
"GMM, K=3",GMM,3,45,0.8039030066953852
"GMM, K=3",GMM,3,46,0.8156752250458967
"GMM, K=3",GMM,3,47,0.49602330424024393
"GMM, K=3",GMM,3,48,0.6908466505259749
"GMM, K=3",GMM,3,49,0.795208524721506
"GMM, K=3",GMM,3,50,0.43072930515398017
"GMM, K=3",GMM,3,51,0.88012653838654
"GMM, K=3",GMM,3,52,0.8199788421053362
"GMM, K=3",GMM,3,53,0.8478922764757645
"GMM, K=3",GMM,3,54,0.7683687433026124
"GMM, K=3",GMM,3,55,0.4442657287067739
"GMM, K=3",GMM,3,56,0.4167392214220683
"GMM, K=3",GMM,3,57,0.3447531933455058
"GMM, K=3",GMM,3,58,0.41174956603393753
"GMM, K=3",GMM,3,59,0.9683162211291507
"GMM, K=3",GMM,3,60,0.8071503198591387
"GMM, K=3",GMM,3,61,0.892429327506411
"GMM, K=3",GMM,3,62,0.37893056323119595
"GMM, K=3",GMM,3,63,0.34443201605377344
"GMM, K=3",GMM,3,64,0.4882045273069287
"GMM, K=3",GMM,3,65,0.3438286698190562
"GMM, K=3",GMM,3,66,0.3680074555785338
"GMM, K=3",GMM,3,67,0.6152597207410215
"GMM, K=3",GMM,3,68,0.40471404011698225
"GMM, K=3",GMM,3,69,0.40200703535635385
"GMM, K=3",GMM,3,70,0.7815484071838054
"GMM, K=3",GMM,3,71,0.9811727833798718
"GMM, K=3",GMM,3,72,0.9647467452118917
"GMM, K=3",GMM,3,73,0.3347420360130874
"GMM, K=3",GMM,3,74,0.9171039733512114
"GMM, K=3",GMM,3,75,0.3719448289841861
"GMM, K=3",GMM,3,76,0.48364488725341254
"GMM, K=3",GMM,3,77,0.718626213396982
"GMM, K=3",GMM,3,78,0.8407462765529666
"GMM, K=3",GMM,3,79,0.7769658078937525
"GMM, K=3",GMM,3,80,0.8902966369314681
"GMM, K=3",GMM,3,81,0.5413018600740584
"GMM, K=3",GMM,3,82,0.361653189973492
"GMM, K=3",GMM,3,83,0.6930216888482008
"GMM, K=3",GMM,3,84,0.3611791978404394
"GMM, K=3",GMM,3,85,0.45266008652768697
"GMM, K=3",GMM,3,86,0.8040784499534565
"GMM, K=3",GMM,3,87,0.39771930245522025
"GMM, K=3",GMM,3,88,0.5465574249401153
"GMM, K=3",GMM,3,89,0.7808829396294066
"GMM, K=3",GMM,3,90,0.379888904070584
"GMM, K=3",GMM,3,91,0.8061087156967414
"GMM, K=3",GMM,3,92,0.36732397821655527
"GMM, K=3",GMM,3,93,0.833095534540292
"GMM, K=3",GMM,3,94,0.3904265659964756
"GMM, K=3",GMM,3,95,0.7808375933300346
"GMM, K=3",GMM,3,96,0.711667023752649
"GMM, K=3",GMM,3,97,0.913969885199589
"GMM, K=3",GMM,3,98,0.7750376045699656
"GMM, K=3",GMM,3,99,0.46341113515976523
"GMM, K=3",GMM,3,100,0.7315786919261155
"GMM, K=3",GMM,3,101,0.8361145115046639
"GMM, K=3",GMM,3,102,0.766349291213731
"GMM, K=3",GMM,3,103,0.8541819205866361
"GMM, K=3",GMM,3,104,0.7667565909722582
"GMM, K=3",GMM,3,105,0.8112070056310969
"GMM, K=3",GMM,3,106,0.6893024553605351
"GMM, K=3",GMM,3,107,0.6161512295129233
"GMM, K=3",GMM,3,108,0.6928931896956951
"GMM, K=3",GMM,3,109,0.3355211103686854
"GMM, K=3",GMM,3,110,0.8242345910546938
"GMM, K=3",GMM,3,111,0.9166501875412224
"GMM, K=3",GMM,3,112,0.47202726979319154
"GMM, K=3",GMM,3,113,0.3500864784894363
"GMM, K=3",GMM,3,114,0.3649376325503679
"GMM, K=3",GMM,3,115,0.499462458406013
"GMM, K=3",GMM,3,116,0.8618597155774185
"GMM, K=3",GMM,3,117,0.726072857784721
"GMM, K=3",GMM,3,118,0.36365373271765034
"GMM, K=3",GMM,3,119,0.4030180149225474
"GMM, K=3",GMM,3,120,0.5426495068602211
"GMM, K=3",GMM,3,121,0.34809451224473703
"GMM, K=3",GMM,3,122,0.485205520822296
"GMM, K=3",GMM,3,123,0.5569378594929886
"GMM, K=3",GMM,3,124,0.5580194963066987
"GMM, K=3",GMM,3,125,0.7676592218646655
"GMM, K=3",GMM,3,126,0.858499428090364
"GMM, K=3",GMM,3,127,0.3362696288416625
"GMM, K=3",GMM,3,128,0.6272629398766212
"GMM, K=3",GMM,3,129,0.4503390784375493
"GMM, K=3",GMM,3,130,0.38623758229750615
"GMM, K=3",GMM,3,131,0.3545759647360143
"GMM, K=3",GMM,3,132,0.8452523767188889
"GMM, K=3",GMM,3,133,0.4952203871284402
"GMM, K=3",GMM,3,134,0.26143402081872136
"GMM, K=3",GMM,3,135,0.4116283687985079
"GMM, K=3",GMM,3,136,0.8274146811772906
"GMM, K=3",GMM,3,137,0.8660362337000977
"GMM, K=3",GMM,3,138,0.46969577482862535
"GMM, K=3",GMM,3,139,0.34147735185156325
"GMM, K=3",GMM,3,140,0.416565246124779
"GMM, K=3",GMM,3,141,0.33671606957703043
"GMM, K=3",GMM,3,142,0.6406277505153891
"GMM, K=3",GMM,3,143,0.7816088848399647
"GMM, K=3",GMM,3,144,0.5390729028646701
"GMM, K=3",GMM,3,145,0.4834981703695945
"GMM, K=3",GMM,3,146,0.4990082897810504
"GMM, K=3",GMM,3,147,0.3949310656120768
"GMM, K=3",GMM,3,148,0.7212015643041936
"GMM, K=3",GMM,3,149,0.8336406813665771
"GMM, K=3",GMM,3,150,0.7338156271732095
"GMM, K=3",GMM,3,151,0.3932550995766474
"GMM, K=3",GMM,3,152,0.3711281915900989
"GMM, K=3",GMM,3,153,0.8503311601447007
"GMM, K=3",GMM,3,154,0.6812648846762522
"GMM, K=3",GMM,3,155,0.32176551719141067
"GMM, K=3",GMM,3,156,0.856491540636217
"GMM, K=3",GMM,3,157,0.3718818100692115
"GMM, K=3",GMM,3,158,0.34084331188093464
"GMM, K=3",GMM,3,159,0.8100795671163483
"GMM, K=3",GMM,3,160,0.8424212858697991
"GMM, K=3",GMM,3,161,0.7884570064695352
"GMM, K=3",GMM,3,162,0.24226415478894686
"GMM, K=3",GMM,3,163,0.5108903735740966
"GMM, K=3",GMM,3,164,0.6362160360531247
"GMM, K=3",GMM,3,165,0.3850641455977884
"GMM, K=3",GMM,3,166,0.3911411765266293
"GMM, K=3",GMM,3,167,0.5472905379099564
"GMM, K=3",GMM,3,168,0.5198336240051857
"GMM, K=3",GMM,3,169,0.40534259582762455
"GMM, K=3",GMM,3,170,0.8451681695281905
"GMM, K=3",GMM,3,171,0.32501469962565943
"GMM, K=3",GMM,3,172,0.9150687239357997
"GMM, K=3",GMM,3,173,0.36076309725041206
"GMM, K=3",GMM,3,174,0.40323508970028277
"GMM, K=3",GMM,3,175,0.37448651159872587
"GMM, K=3",GMM,3,176,0.8324042523172741
"GMM, K=3",GMM,3,177,0.5364992730923019
"GMM, K=3",GMM,3,178,0.7497251753841658
"GMM, K=3",GMM,3,179,0.8376036601749847
"GMM, K=3",GMM,3,180,0.4068296404551979
"GMM, K=3",GMM,3,181,0.5352567149066066
"GMM, K=3",GMM,3,182,0.7407681424847545
"GMM, K=3",GMM,3,183,0.7930905974496802
"GMM, K=3",GMM,3,184,0.6754007343584282
"GMM, K=3",GMM,3,185,0.8961358904942683
"GMM, K=3",GMM,3,186,0.3427882870608524
"GMM, K=3",GMM,3,187,0.8398153310958812
"GMM, K=3",GMM,3,188,0.34866679174852083
"GMM, K=3",GMM,3,189,0.7223719600622477
"GMM, K=3",GMM,3,190,0.6930185798466162
"GMM, K=3",GMM,3,191,0.8103139096830476
"GMM, K=3",GMM,3,192,0.8843920017277135
"GMM, K=3",GMM,3,193,0.8731944141081223
"GMM, K=3",GMM,3,194,0.8964521760230202
"GMM, K=3",GMM,3,195,0.9703734254767334
"GMM, K=3",GMM,3,196,0.8043157807663491
"GMM, K=3",GMM,3,197,0.3676280284466049
"GMM, K=3",GMM,3,198,0.3828768369203924
"GMM, K=3",GMM,3,199,0.7303908224765434
"GMM, K=3",GMM,3,200,0.37621623506915375
