Months,Year,Month_Number,Ecological_State,State_Name,SST,NO3,PO4,SPCo2,MLD,SSS,SSH,PAR,PDO,NINO_3.4,WPI,MHW_MeanInt,MHW_MaxInt,MHW_CumInt
2003-01-01,2003,1,1,Diatom-associated early-year state,10.6536,2.066182,0.05948071,23.79095,43.70361,32.569,0.1942705,18.2643,1.45,0.98,-0.14,0.013140471151352239,0.014361890529134563,0.08815629685399325
2003-02-01,2003,2,1,Diatom-associated early-year state,9.226859,1.872806,0.04826096,23.73429,36.24125,32.64018,0.234562,23.45697,1.23,0.64,0.17,0.01710453529361577,0.02035221118201299,0.08552267646807886
2003-03-01,2003,3,1,Diatom-associated early-year state,9.888013,1.789827,0.03192817,25.29116,26.85569,32.66323,0.1915937,31.66549,1.01,0.48,-1.01,0.0046435915267579965,0.005497739170462615,0.023217957633789983
2003-04-01,2003,4,1,Diatom-associated early-year state,11.75001,2.553677,0.01375037,29.56994,12.03047,32.55077,0.1350424,38.72302,0.36,-0.03,1.58,0.2725131959791815,0.306854244801655,1.8472360378628687
2003-05-01,2003,5,2,Mixed-prokaryote mid-year state,16.08669,3.514215,0.01084706,34.8829,10.88174,32.30488,0.2281191,44.47189,0.21,-0.52,0.03,0.021570561434116356,0.02382429665650381,0.14393736958606448
2003-06-01,2003,6,2,Mixed-prokaryote mid-year state,19.74573,4.782942,0.01973093,39.29079,10.70942,31.93707,0.2159175,43.89837,-0.42,-0.19,0.76,0.086527782011138,0.09535842573534901,0.6060330550069817
2003-07-01,2003,7,2,Mixed-prokaryote mid-year state,23.4168,6.44504,0.0197171,41.09243,10.28391,31.59149,0.2527651,43.4742,0.37,0.14,-1.94,0.12007397961957246,0.13509503918184776,0.7938286167281388
2003-08-01,2003,8,3,Prokaryote-dominated late-year state,26.00336,6.747303,0.01895659,41.42951,10.77536,31.44741,0.3014184,42.03368,0.63,0.05,-0.9,0.3628347578339257,0.411082859812034,2.2605519257653826
2003-09-01,2003,9,3,Prokaryote-dominated late-year state,24.95572,5.868157,0.01896781,38.03652,13.07886,31.56733,0.3381976,37.95425,-0.17,0.15,-2.17,0.03178605792228812,0.034695474408569224,0.25940113727433
2003-10-01,2003,10,3,Prokaryote-dominated late-year state,21.49835,4.553604,0.01595329,32.8923,22.12526,31.88859,0.3535486,30.67915,0.74,0.46,-0.42,0.029164483387133816,0.03173983885616041,0.17651393674871707
2003-11-01,2003,11,3,Prokaryote-dominated late-year state,18.29269,3.699384,0.02276026,29.37968,25.82172,32.146,0.3094546,19.52595,-0.23,0.39,0.69,0.034712763680964764,0.04102628672073637,0.2889259208268783
2003-12-01,2003,12,3,Prokaryote-dominated late-year state,14.18948,2.481625,0.03871807,26.20514,37.02884,32.3822,0.1997933,17.37022,-0.6,0.32,0.8,0.030583689578529166,0.035763653217332506,0.16714716426570153
2004-01-01,2004,1,1,Diatom-associated early-year state,10.96138,2.073107,0.05104483,24.43506,41.40466,32.54317,0.2006977,18.0528,-0.55,0.26,-1.58,0.08966509276577664,0.10659442462690229,0.7076375976351985
2004-02-01,2004,2,1,Diatom-associated early-year state,9.451482,1.997658,0.04368897,24.0791,32.8154,32.65039,0.1383744,27.39863,-0.21,0.17,0.6,0.014482953039494715,0.01612404202518436,0.07982896644294556
2004-03-01,2004,3,1,Diatom-associated early-year state,9.93364,1.945145,0.02656696,25.9697,22.75871,32.66227,0.1673723,33.84466,-0.15,-0.1,0.13,0.0889921173083223,0.09872770790312835,0.5079852691607409
2004-04-01,2004,4,1,Diatom-associated early-year state,12.11376,2.413163,0.01413774,29.96865,13.00257,32.58536,0.1543983,42.58654,0.0,0.06,0.49,0.15211718837765417,0.17486542349785839,0.904777400033762
2004-05-01,2004,5,1,Diatom-associated early-year state,16.42801,3.841927,0.01084378,34.93535,10.60486,32.29169,0.2026526,43.02498,0.61,0.1,0.4,0.4103467719988746,0.46726883967569655,2.5824005545023456
2004-06-01,2004,6,2,Mixed-prokaryote mid-year state,20.89214,4.724819,0.01717499,40.20191,10.81542,31.92266,0.2117204,44.87814,-0.11,0.14,2.08,0.7052243039103672,0.825713052696114,8.225532063302692
2004-07-01,2004,7,2,Mixed-prokaryote mid-year state,24.48953,6.028406,0.01383416,42.20972,10.43177,31.63861,0.3046883,47.94345,0.04,0.41,0.34,0.44031899346490105,0.511544179146927,3.044725152229759
2004-08-01,2004,8,3,Prokaryote-dominated late-year state,27.28089,6.00083,0.02014996,42.2198,11.41334,31.47626,0.3600362,44.73951,0.24,0.66,-0.03,0.02576802901532941,0.028967489748725116,0.20044305285056777
2004-09-01,2004,9,3,Prokaryote-dominated late-year state,24.63984,4.70664,0.01426346,37.38408,15.42297,31.62282,0.345729,35.61415,0.02,0.67,0.26,0.0,0.0,0.0
2004-10-01,2004,10,3,Prokaryote-dominated late-year state,21.5269,3.753388,0.01845098,32.82095,23.89636,31.94041,0.3262095,31.95409,-0.72,0.73,0.89,0.23164622882615155,0.2561818053616116,1.973895998423072
2004-11-01,2004,11,3,Prokaryote-dominated late-year state,18.65132,3.491994,0.02362705,29.38143,28.74349,32.20064,0.2840581,22.29022,-1.22,0.62,0.65,0.6080709565738308,0.6839806635153076,5.134639752536748
2004-12-01,2004,12,3,Prokaryote-dominated late-year state,15.45889,2.70595,0.0378954,26.61039,35.698,32.41623,0.2969101,16.03355,-0.64,0.71,0.2,0.08844638518705335,0.10239350575477418,0.5038920422085512
2005-01-01,2005,1,1,Diatom-associated early-year state,11.36995,1.795859,0.05949871,24.11662,44.78685,32.56802,0.2318924,17.39421,-0.15,0.56,-0.93,0.007076736204592626,0.007680303371841201,0.035383681022963125
2005-02-01,2005,2,1,Diatom-associated early-year state,9.251629,1.451779,0.06191359,23.73619,41.38416,32.66693,0.2228227,21.11561,-0.01,0.26,0.34,0.0,0.0,0.0
2005-03-01,2005,3,1,Diatom-associated early-year state,9.172435,1.41001,0.04224682,24.74672,28.92896,32.67717,0.1302211,34.69415,0.7,0.28,-0.22,0.09035922709328223,0.1020311938332123,0.4906887207195745
2005-04-01,2005,4,1,Diatom-associated early-year state,12.12134,2.284747,0.01654009,29.38609,12.126,32.58884,0.1494421,43.46757,0.28,0.28,-0.18,0.13769892325993233,0.16183798424642976,1.0606384452723097
2005-05-01,2005,5,2,Mixed-prokaryote mid-year state,16.07727,3.266682,0.007891181,35.09027,11.24856,32.33849,0.1730454,46.94984,1.36,0.3,-0.08,0.8050716181956712,0.9618602975959667,7.614702264606939
2005-06-01,2005,6,2,Mixed-prokaryote mid-year state,21.15738,4.886552,0.01192773,40.80405,10.50786,31.97551,0.1820762,48.35837,0.85,0.22,0.79,0.6196661990232305,0.7315935663225134,5.66507086379786
2005-07-01,2005,7,2,Mixed-prokaryote mid-year state,25.00492,5.622714,0.01803099,43.18962,10.65074,31.66777,0.2218496,46.90637,0.11,-0.01,-1.2,0.04892051535329562,0.05551003651915509,0.2636814498907717
2005-08-01,2005,8,3,Prokaryote-dominated late-year state,25.84355,4.697174,0.01695296,41.25824,11.25694,31.50635,0.3075328,41.5795,-0.42,-0.04,0.35,0.3158427165287703,0.3568982554055841,2.0611215351223557
2005-09-01,2005,9,3,Prokaryote-dominated late-year state,24.64657,4.071968,0.01441261,37.69049,14.34584,31.60373,0.3370972,38.15133,-0.99,-0.08,0.57,0.3025560220964315,0.3431352510503049,2.420406598871706
2005-10-01,2005,10,3,Prokaryote-dominated late-year state,21.94504,3.572884,0.01382904,33.54042,21.9892,31.90244,0.2754064,30.274,-2.0,-0.15,1.0,0.2271543126202431,0.25487824009468174,1.7601509761135428
2005-11-01,2005,11,3,Prokaryote-dominated late-year state,18.40416,3.471994,0.02193196,29.79199,27.85691,32.18135,0.305071,21.60209,-1.89,-0.44,-1.84,0.01965417617520922,0.023172945427948607,0.1273743918630271
2005-12-01,2005,12,1,Diatom-associated early-year state,13.54506,2.295146,0.04205306,25.61899,40.11207,32.38639,0.2334034,16.51735,-0.1,-0.75,-2.04,0.021852826200783583,0.026074900175041573,0.11080199635139425
2006-01-01,2006,1,1,Diatom-associated early-year state,10.25276,1.824656,0.05710575,24.22316,39.22375,32.56746,0.2773191,16.91236,0.54,-0.98,0.71,0.0018255295493478014,0.0019627768693183875,0.009127647746739007
2006-02-01,2006,2,1,Diatom-associated early-year state,9.190073,1.470138,0.04870109,24.33807,36.88166,32.67122,0.1571238,22.65199,0.38,-0.71,2.06,0.08502309625016793,0.09601164847967977,0.557077579402452
2006-03-01,2006,3,1,Diatom-associated early-year state,9.62146,1.563969,0.02608196,26.02783,22.58713,32.67604,0.1175928,35.18167,-0.74,-0.73,0.49,0.12639133281186912,0.14171986092501027,0.7610797789928063
2006-04-01,2006,4,1,Diatom-associated early-year state,11.45833,2.05737,0.01179004,29.7351,13.59295,32.58027,0.164509,40.84451,-0.54,-0.3,0.56,0.0,0.0,0.0
2006-05-01,2006,5,1,Diatom-associated early-year state,15.90524,3.074099,0.007898293,35.00154,11.19547,32.31292,0.1871949,42.48072,-0.37,-0.11,0.19,0.2992232777977992,0.3382232530201923,2.1731700777149885
2006-06-01,2006,6,2,Mixed-prokaryote mid-year state,20.01962,4.761292,0.0117632,40.0344,10.57313,31.98178,0.1970306,43.12234,0.21,0.09,-1.15,0.07418293628132717,0.08263707033886256,0.38793159799902077
2006-07-01,2006,7,2,Mixed-prokaryote mid-year state,24.27946,5.575527,0.01805096,42.31735,10.65521,31.62271,0.2448569,42.87661,0.39,0.03,-1.0,1.3131253509323573,1.6349535179945713,22.20132767465229
2006-08-01,2006,8,2,Mixed-prokaryote mid-year state,27.3431,5.629235,0.02118731,43.13448,10.66718,31.51476,0.3451092,47.18871,-0.85,0.37,-0.16,0.09516826391329251,0.10805255184199433,1.1947421776604308
2006-09-01,2006,9,3,Prokaryote-dominated late-year state,24.75643,4.426077,0.01726973,38.38696,15.40674,31.6093,0.3204224,37.06337,-1.54,0.63,0.05,0.9662453764735217,1.1726177192525575,18.34873104503788
2006-10-01,2006,10,3,Prokaryote-dominated late-year state,22.84066,4.298798,0.01385227,34.90073,19.95092,31.91567,0.3278981,31.82335,-0.46,0.76,0.67,0.3619758807190497,0.41049760605478436,3.4950414196868906
2006-11-01,2006,11,3,Prokaryote-dominated late-year state,18.73112,3.525753,0.02569495,30.54263,28.28891,32.19823,0.2564802,20.33555,-0.81,0.98,-1.84,0.39145602733295887,0.43820409967933305,3.481877945233093
2006-12-01,2006,12,3,Prokaryote-dominated late-year state,14.60835,2.623521,0.04135088,26.7291,35.36552,32.39705,0.2438219,16.29278,-0.42,1.1,1.18,0.21706395115479366,0.24054644594521749,2.8162799473405906
2007-01-01,2007,1,1,Diatom-associated early-year state,11.20717,1.865525,0.05535916,24.66743,41.01209,32.58288,0.2147105,17.82913,-0.69,0.59,1.81,1.3421859943540975,1.5553207691570878,24.332453481803256
2007-02-01,2007,2,1,Diatom-associated early-year state,10.52907,1.774265,0.04452466,24.44026,33.12623,32.67064,0.146254,26.39737,-0.71,0.12,0.15,0.3669761293527712,0.4068758818507528,2.502832286987369
2007-03-01,2007,3,1,Diatom-associated early-year state,10.88319,1.827618,0.0335563,25.95523,23.61643,32.67501,0.2065463,31.47466,-1.1,-0.15,-1.06,0.052364733175743944,0.05581906124249217,0.40237562339565525
2007-04-01,2007,4,1,Diatom-associated early-year state,12.42657,2.309976,0.0186423,29.08679,14.71737,32.61337,0.165553,40.34549,-0.46,-0.16,-1.61,0.28472247547529583,0.3283234635785101,1.7674988684262105
2007-05-01,2007,5,2,Mixed-prokaryote mid-year state,16.44182,3.470253,0.009857457,33.95785,10.82759,32.31501,0.1768028,46.6361,-0.29,-0.39,-0.66,0.2826331560622055,0.32043380912486624,1.856260552831901
2007-06-01,2007,6,2,Mixed-prokaryote mid-year state,20.45933,4.642597,0.01534503,39.61281,10.4016,32.0024,0.1996933,46.0014,-0.07,-0.16,-0.17,0.48292121571862157,0.5761822606414964,5.920009128962959
2007-07-01,2007,7,2,Mixed-prokaryote mid-year state,24.51655,5.822251,0.02469809,42.66946,10.33064,31.68085,0.2373758,45.90391,0.43,-0.37,-0.09,0.8909216292651344,1.0275554480902926,7.457765134134007
2007-08-01,2007,8,2,Mixed-prokaryote mid-year state,26.72836,6.719602,0.01599815,42.34357,10.96235,31.53442,0.2866586,43.70644,0.09,-0.57,0.02,0.1967207167944852,0.25289571147817896,2.447323865458765
2007-09-01,2007,9,3,Prokaryote-dominated late-year state,25.10263,5.285509,0.01295209,38.14229,13.17772,31.61355,0.3211495,35.02799,-0.97,-1.04,1.2,0.2831064159481005,0.3559957984874523,2.130864800574984
2007-10-01,2007,10,3,Prokaryote-dominated late-year state,21.9488,4.417446,0.01404054,33.59973,21.02272,31.93431,0.2882391,29.19779,-2.33,-1.4,0.4,0.021258089193277867,0.02999889367566992,0.40520374027652245
2007-11-01,2007,11,3,Prokaryote-dominated late-year state,17.88752,3.552208,0.02604395,29.31777,30.22313,32.18146,0.2989783,22.13538,-1.46,-1.58,-0.04,0.19100891711769594,0.2336674104487641,2.7725360468428457
2007-12-01,2007,12,1,Diatom-associated early-year state,14.30564,2.875592,0.03602836,26.40459,36.1739,32.38774,0.2380445,15.85815,-0.87,-1.61,0.37,0.5885230310911163,0.8011031688397368,5.012849322427098
2008-01-01,2008,1,3,Prokaryote-dominated late-year state,10.85685,2.037807,0.05615972,24.87666,40.77784,32.57262,0.2036234,15.46411,-1.5,-1.79,0.92,0.13469602603395883,0.17871597089840163,0.9675061937668779
2008-02-01,2008,2,1,Diatom-associated early-year state,9.153059,1.455023,0.05570071,23.96267,42.73908,32.6525,0.1556007,26.48835,-1.46,-1.7,0.01,0.17728621323728794,0.23042626510343064,1.403552029459009
2008-03-01,2008,3,1,Diatom-associated early-year state,9.525187,1.758864,0.02884287,26.02903,20.72254,32.68032,0.1523019,35.61345,-1.26,-1.17,-1.35,0.5457949446306228,0.6934475594782531,3.8473286345124196
2008-04-01,2008,4,1,Diatom-associated early-year state,11.90121,2.405792,0.01312351,30.24962,12.6103,32.55141,0.1934475,39.37224,-1.79,-0.89,0.28,0.058890162627267366,0.07513605607092427,0.4258024220362237
2008-05-01,2008,5,2,Mixed-prokaryote mid-year state,16.151,3.477464,0.008078892,34.83271,11.24879,32.32788,0.2033094,46.6053,-1.62,-0.64,-0.66,0.005370353648618181,0.007341578322515051,0.04459692751324292
2008-06-01,2008,6,2,Mixed-prokaryote mid-year state,20.15845,4.632925,0.01344156,39.13628,10.54115,31.94921,0.2309363,40.54742,-1.85,-0.44,-0.36,0.7524007812057909,0.9558590780922515,6.3843911531777335
2008-07-01,2008,7,2,Mixed-prokaryote mid-year state,24.67235,6.073542,0.01460345,42.62746,10.45675,31.6737,0.2394875,47.43447,-1.96,-0.04,0.02,0.4652034048384031,0.565028368318662,3.0494316709953746
2008-08-01,2008,8,3,Prokaryote-dominated late-year state,26.72248,5.606761,0.02109727,42.27939,11.2099,31.49276,0.2747711,45.29633,-1.85,-0.04,-1.32,0.39707399190178116,0.48401840207692864,2.670017716827173
2008-09-01,2008,9,3,Prokaryote-dominated late-year state,25.17165,4.696881,0.01763775,38.81409,13.49127,31.59743,0.2709088,37.42095,-1.87,-0.28,-0.83,0.17330832839560328,0.2221931062652008,1.732077477682666
2008-10-01,2008,10,3,Prokaryote-dominated late-year state,22.15999,4.197331,0.01193336,34.06417,19.87343,31.91862,0.2892448,29.08485,-1.9,-0.3,0.19,0.31413605906102293,0.3926747339348722,2.43991784234964
2008-11-01,2008,11,3,Prokaryote-dominated late-year state,18.23831,3.482705,0.02302186,30.04029,26.67353,32.15402,0.2555335,20.27732,-1.59,-0.37,0.33,0.11543506258238717,0.13267461765672725,1.0707257943810706
2008-12-01,2008,12,1,Diatom-associated early-year state,13.74592,2.650269,0.03515482,26.41239,34.30258,32.4073,0.2133887,17.47706,-1.31,-0.9,1.01,0.08113307599729565,0.0919385090725022,0.6997261727687922
2009-01-01,2009,1,1,Diatom-associated early-year state,10.56733,1.829847,0.05358773,24.46998,40.70953,32.5541,0.1727764,18.4399,-1.81,-1.0,0.01,0.2378509949681276,0.29779355082193415,2.1213992159988297
2009-02-01,2009,2,1,Diatom-associated early-year state,9.965669,1.742423,0.04397479,24.91635,31.99934,32.6598,0.1858674,21.59292,-1.78,-0.71,1.71,0.3039776502718948,0.3947245758017037,2.5439850395452788
2009-03-01,2009,3,1,Diatom-associated early-year state,10.3221,1.650761,0.03261236,26.40809,25.45867,32.67359,0.140122,32.23164,-2.06,-0.72,0.22,0.38891189335853105,0.49518029517455187,2.8046752894523843
2009-04-01,2009,4,1,Diatom-associated early-year state,13.10787,2.230048,0.01952928,29.9361,14.13868,32.56193,0.170954,42.95202,-2.23,-0.25,0.02,0.4161540588369243,0.5322080234808598,2.5272331491769022
2009-05-01,2009,5,2,Mixed-prokaryote mid-year state,16.72519,3.289662,0.01284137,34.94796,11.15864,32.31105,0.1916929,49.61242,-1.32,0.17,-0.67,0.0770455003131202,0.0961152486375653,0.6210073715327548
2009-06-01,2009,6,2,Mixed-prokaryote mid-year state,20.44709,4.863413,0.01234454,40.04809,10.62812,31.99682,0.2224203,47.69398,-0.73,0.49,-1.74,0.19160364180839387,0.2405601903249845,1.9913682831712796
2009-07-01,2009,7,2,Mixed-prokaryote mid-year state,24.01626,5.917418,0.01671528,42.46432,10.43759,31.58459,0.2248385,44.97459,-0.71,0.69,1.2,0.430807568008436,0.5527462718742084,4.608710661552521
2009-08-01,2009,8,2,Mixed-prokaryote mid-year state,25.82717,5.723061,0.02314663,42.26756,11.02272,31.42508,0.3127087,44.64119,-0.49,0.62,0.66,0.10100786526567662,0.11689258160312811,0.8015783967045559
2009-09-01,2009,9,3,Prokaryote-dominated late-year state,24.78023,5.010671,0.01500423,38.29243,15.2265,31.59405,0.37324,36.99078,0.33,0.68,-1.02,0.2649707912542517,0.3317771566537492,1.5782998525086236
2009-10-01,2009,10,3,Prokaryote-dominated late-year state,22.0396,4.689354,0.01473548,33.93439,22.55996,31.88766,0.3258369,31.64962,-0.13,0.96,-2.05,0.20570892978403676,0.2603131150493665,1.632396927764749
2009-11-01,2009,11,3,Prokaryote-dominated late-year state,17.8215,3.589816,0.03133217,29.67754,30.25666,32.17666,0.2893158,17.66857,-0.94,1.49,1.27,0.024343622704862757,0.03151473521766976,0.136375637470358
2009-12-01,2009,12,1,Diatom-associated early-year state,13.39651,2.563715,0.04635568,26.33494,38.53873,32.40301,0.2670951,15.67848,-0.51,1.81,-1.07,0.005259331137109065,0.005710966587803671,0.026296655685545327
2010-01-01,2010,1,1,Diatom-associated early-year state,10.2186,1.900383,0.06019795,24.30549,42.30539,32.56844,0.2046967,17.88068,0.05,1.43,0.47,0.029592330838236237,0.035943572866356924,0.21411824198507728
2010-02-01,2010,2,1,Diatom-associated early-year state,8.796714,1.735985,0.05531385,24.55688,34.16289,32.66602,0.2491098,20.94246,0.25,1.18,0.23,0.012579392143081933,0.01458172384270075,0.08254880642072443
2010-03-01,2010,3,1,Diatom-associated early-year state,9.088304,1.591832,0.03611907,26.09678,26.98267,32.69419,0.191109,29.98847,-0.16,1.07,1.83,0.0014163949825914423,0.0016187736612182538,0.007081974912957211
2010-04-01,2010,4,1,Diatom-associated early-year state,11.15974,2.025447,0.01827536,29.12605,15.6813,32.64836,0.1952679,37.86516,-0.04,0.56,0.88,0.007717474010524935,0.009093565401917416,0.0437621241618737
2010-05-01,2010,5,1,Diatom-associated early-year state,15.07052,3.191687,0.01298422,34.46811,11.30014,32.36586,0.1900635,44.90027,-0.18,-0.15,-2.5,0.24141590926236453,0.3161260411675853,2.139027991741322
2010-06-01,2010,6,2,Mixed-prokaryote mid-year state,19.9422,4.691751,0.02158329,41.26215,10.71185,31.95698,0.2146049,44.20998,-0.79,-0.62,-0.08,0.408291326348769,0.4959725800354509,2.5933985597182043
2010-07-01,2010,7,2,Mixed-prokaryote mid-year state,24.16658,6.518647,0.02190173,44.90723,10.27925,31.63332,0.2608065,44.13834,-1.99,-0.89,-2.38,0.7677384342870498,0.9096309731545452,7.142416152212906
2010-08-01,2010,8,2,Mixed-prokaryote mid-year state,26.56218,6.624375,0.01751439,44.41868,10.50511,31.5333,0.2745191,44.308,-2.21,-1.33,0.41,0.9297469501863304,1.1805450954309702,7.259293997928109
2010-09-01,2010,9,3,Prokaryote-dominated late-year state,25.16753,5.572701,0.01905244,40.14954,13.27631,31.68244,0.3242905,36.26759,-2.45,-1.56,0.05,0.052911620311301005,0.06529817142255752,0.3756953200657379
2010-10-01,2010,10,3,Prokaryote-dominated late-year state,21.63019,4.100891,0.01885317,34.06274,21.30025,31.88478,0.350316,28.24248,-1.6,-1.65,0.67,0.0016797454942900794,0.002149484930079123,0.008398727471450398
2010-11-01,2010,11,3,Prokaryote-dominated late-year state,17.44055,3.199481,0.02770189,29.45495,29.05849,32.18362,0.3105007,22.66409,-1.57,-1.57,-0.33,0.003371475155176172,0.003917850451430345,0.018552485756716853
2010-12-01,2010,12,3,Prokaryote-dominated late-year state,13.74267,2.618837,0.04059074,26.84156,36.55366,32.41536,0.1613614,18.18857,-2.04,-1.63,-1.26,0.06481211954556955,0.07932354281712357,0.7056346336740866
2011-01-01,2011,1,1,Diatom-associated early-year state,9.66562,1.643209,0.06546502,24.63671,46.2741,32.56516,0.1869675,17.25359,-1.8,-1.7,-1.37,0.12576948736422733,0.15631990558565545,0.9801504427489196
2011-02-01,2011,2,1,Diatom-associated early-year state,8.777107,1.39087,0.05432264,24.3816,36.00455,32.66889,0.1851358,24.62485,-1.46,-1.26,-0.13,0.0014548866600609018,0.0015483184531666723,0.00727443330030451
2011-03-01,2011,3,1,Diatom-associated early-year state,8.888328,1.417785,0.03281865,26.13365,29.14421,32.6614,0.1287647,36.56836,-1.28,-0.98,-0.1,0.0,0.0,0.0
2011-04-01,2011,4,1,Diatom-associated early-year state,11.29099,1.898793,0.01777379,29.84111,13.49117,32.60658,0.1332981,42.43427,-1.02,-0.74,-1.93,0.003026011622980992,0.004192794550478436,0.0258863802476312
2011-05-01,2011,5,2,Mixed-prokaryote mid-year state,15.11786,2.8366730000000002,0.01109871,35.35616,10.75449,32.31359,0.2056485,43.64163,-0.66,-0.53,0.38,0.006308964110779477,0.00810580704495547,0.04088506390496292
2011-06-01,2011,6,2,Mixed-prokaryote mid-year state,19.42791,4.287622,0.01350287,40.51891,10.29064,31.91584,0.2093349,40.61892,-1.08,-0.25,0.81,0.16172109108938895,0.19606276451876978,1.0317175651415944
2011-07-01,2011,7,2,Mixed-prokaryote mid-year state,23.82733,5.717331,0.01744472,43.18626,10.28893,31.4318,0.2464277,44.55813,-2.3,-0.23,-0.27,0.016882775503242367,0.019881134342354834,0.09764846337024582
2011-08-01,2011,8,2,Mixed-prokaryote mid-year state,24.87282,5.299949,0.01902178,42.43574,11.05684,31.47265,0.3100654,40.71592,-2.37,-0.66,-0.51,0.02660495881047256,0.030304819871492278,0.15659344033865685
2011-09-01,2011,9,3,Prokaryote-dominated late-year state,23.81514,4.26396,0.01498286,38.63392,15.3377,31.70886,0.3643636,37.97459,-2.5,-0.76,0.51,0.0,0.0,0.0
2011-10-01,2011,10,3,Prokaryote-dominated late-year state,21.14091,3.654976,0.01353873,33.66519,21.80725,32.03296,0.3226783,29.13334,-1.92,-0.93,1.06,0.11631513604855188,0.14237329899873222,0.8286382906806566
2011-11-01,2011,11,3,Prokaryote-dominated late-year state,18.24443,3.174246,0.02317196,31.01872,24.13856,32.18117,0.3102497,18.80546,-2.95,-1.09,0.39,0.005665552375683756,0.006131710286629152,0.028327761878418775
2011-12-01,2011,12,1,Diatom-associated early-year state,14.34846,2.103608,0.04424512,27.46875,36.68302,32.3735,0.2745175,15.54731,-2.4,-1.05,-0.39,0.017618406595836487,0.021626535881874902,0.11955922659608854
2012-01-01,2012,1,1,Diatom-associated early-year state,10.88351,1.460958,0.06478158,25.26833,43.47984,32.56332,0.2654225,16.48059,-1.85,-0.93,-1.58,0.05883559224142693,0.07246262552173954,0.4519926892491573
2012-02-01,2012,2,3,Prokaryote-dominated late-year state,9.027214,1.177713,0.06504237,24.87035,40.293,32.6609,0.2270972,22.2201,-1.35,-0.61,1.01,0.10836966692391588,0.13997967391018035,0.8982441314169186
2012-03-01,2012,3,3,Prokaryote-dominated late-year state,9.297169,1.145063,0.04297915,26.27322,24.78451,32.67755,0.2026753,31.5692,-1.66,-0.48,0.82,0.3246209408723235,0.43904995760078097,3.8529362546857593
2012-04-01,2012,4,1,Diatom-associated early-year state,11.76779,1.971534,0.0178418,30.72828,13.54246,32.48924,0.1432402,40.89522,-1.01,-0.29,-0.29,0.6409088915391538,0.8430544102548653,10.655406032645969
2012-05-01,2012,5,1,Diatom-associated early-year state,16.14271,3.151459,0.01109423,37.56075,11.19129,32.31433,0.2297182,47.59941,-2.12,-0.18,-1.66,0.3458750167729783,0.4222519765500476,2.8240870021859763
2012-06-01,2012,6,2,Mixed-prokaryote mid-year state,20.95829,4.321533,0.01701666,41.66386,10.74303,31.95987,0.2728722,44.52618,-1.63,0.14,-1.39,0.7153671725005032,0.9009572039702325,8.66995470679293
2012-07-01,2012,7,2,Mixed-prokaryote mid-year state,24.8509,5.705082,0.01974539,43.35188,10.3183,31.49327,0.2989205,45.82146,-2.4,0.44,0.58,0.21754681171700196,0.27826717570033277,1.7429175128219774
2012-08-01,2012,8,2,Mixed-prokaryote mid-year state,25.9811,4.986777,0.01610047,42.36792,11.27336,31.42534,0.3647806,44.08653,-2.6,0.66,-0.07,0.06275158343939662,0.0821314960104519,0.44494219086879694
2012-09-01,2012,9,3,Prokaryote-dominated late-year state,24.05809,4.376772,0.0157522,38.05367,15.05735,31.60948,0.3543789,37.58197,-2.99,0.44,0.69,0.0,0.0,0.0
2012-10-01,2012,10,3,Prokaryote-dominated late-year state,21.42516,3.771073,0.01433741,33.54488,22.92317,31.88247,0.3794134,31.97255,-1.22,0.23,-2.53,0.001714066193874443,0.0026075041100159188,0.03607543929526013
2012-11-01,2012,11,3,Prokaryote-dominated late-year state,16.90897,3.200921,0.02155026,29.50118,30.03124,32.15796,0.3118863,19.48916,-0.66,0.33,-2.02,0.012941894496216836,0.01744910846341491,0.17825337812126504
2012-12-01,2012,12,3,Prokaryote-dominated late-year state,12.9698,2.468201,0.04391852,26.40781,35.75925,32.37355,0.2379788,14.44504,-1.31,-0.13,-0.58,0.03223939177424032,0.04279675979736313,0.2752810920795177
2013-01-01,2013,1,1,Diatom-associated early-year state,10.0581,1.85929,0.05759186,24.74442,38.61397,32.54625,0.2463276,17.56065,-1.1,-0.42,0.07,0.0026825745760852195,0.0032023613176269533,0.017034936164367617
2013-02-01,2013,2,3,Prokaryote-dominated late-year state,9.240296,1.652196,0.0537794,24.92982,35.99725,32.51694,0.2190596,21.53218,-1.42,-0.4,1.49,0.011757915775135783,0.014389082200601174,0.1278281047038635
2013-03-01,2013,3,3,Prokaryote-dominated late-year state,9.718316,1.591981,0.03114325,26.52185,23.62805,32.6809,0.1536501,35.09188,-1.48,-0.14,0.59,0.014782465408350636,0.018450564415395086,0.2017940432436514
2013-04-01,2013,4,1,Diatom-associated early-year state,11.21947,1.999425,0.01778871,29.50529,15.6091,32.54106,0.2004749,42.8396,-0.72,-0.08,-1.86,0.11434190821152855,0.13451920167349335,0.7401577160222823
2013-05-01,2013,5,1,Diatom-associated early-year state,15.94189,3.372037,0.01200175,35.85254,10.81819,32.27205,0.2787566,45.23904,-0.4,-0.28,-1.13,0.20248559845006603,0.25538668462788167,1.9763250987361303
2013-06-01,2013,6,2,Mixed-prokaryote mid-year state,20.33818,4.428969,0.0181937,41.53366,10.33597,31.88635,0.2440405,43.22112,-1.19,-0.33,-0.47,0.6436380006577703,0.8377370909705248,13.348391495137458
2013-07-01,2013,7,2,Mixed-prokaryote mid-year state,24.83241,5.683077,0.0149803,43.8593,10.61327,31.53158,0.2719962,47.80894,-1.34,-0.28,-0.88,0.9847968639385749,1.2374811556392447,14.165808207182343
2013-08-01,2013,8,2,Mixed-prokaryote mid-year state,27.49409,5.691285,0.01616579,44.36195,10.78457,31.29611,0.3250987,48.66373,-1.56,-0.29,-0.17,0.07043597654133944,0.08211016537671281,0.4711684224830428
2013-09-01,2013,9,3,Prokaryote-dominated late-year state,25.13302,4.242201,0.01609499,38.75266,14.85085,31.44139,0.3413573,38.70431,-1.0,-0.09,1.93,0.007688365162860832,0.008549225004568192,0.042104069167118265
2013-10-01,2013,10,3,Prokaryote-dominated late-year state,22.07721,3.504446,0.01783757,34.33633,23.37055,31.97758,0.3745617,30.95163,-1.65,-0.24,-0.09,0.0,0.0,0.0
2013-11-01,2013,11,3,Prokaryote-dominated late-year state,17.8986,3.135605,0.02977752,30.18839,30.7696,32.17886,0.2315284,21.19913,-1.09,-0.02,-0.04,0.0,0.0,0.0
2013-12-01,2013,12,3,Prokaryote-dominated late-year state,13.98345,2.505222,0.04622364,26.77407,36.92234,32.39284,0.2197811,17.84313,-1.04,-0.09,-2.01,0.07224680174530304,0.09195500587527755,0.4342501002015349
2014-01-01,2014,1,3,Prokaryote-dominated late-year state,11.27123,1.889344,0.05868909,25.19709,40.72722,32.58432,0.2047565,20.64507,-0.57,-0.42,0.54,0.013890188553803638,0.016339573192693295,0.0841979795656474
2014-02-01,2014,2,3,Prokaryote-dominated late-year state,10.13121,1.489239,0.05794939,25.3521,35.96181,32.65193,0.2864045,21.40236,-0.42,-0.45,-1.37,0.18283585021848037,0.2498212159153643,3.3140950864727254
2014-03-01,2014,3,3,Prokaryote-dominated late-year state,10.25016,1.505233,0.03619288,26.96835,24.13649,32.69115,0.258782,34.24438,0.3,-0.07,-0.43,0.5530395696152379,0.6797794443120697,5.462266864953252
2014-04-01,2014,4,1,Diatom-associated early-year state,13.00473,2.275622,0.01495199,31.70635,12.09413,32.48189,0.2396917,39.32692,0.36,0.28,-1.36,0.14645757988950667,0.1808587758677439,1.4481984446075669
2014-05-01,2014,5,1,Diatom-associated early-year state,16.0446,3.260475,0.01168032,36.22061,10.9176,32.26253,0.2223855,47.78525,1.27,0.45,-0.85,0.515771541225262,0.6675087353539205,7.37567996233819
2014-06-01,2014,6,2,Mixed-prokaryote mid-year state,20.6141,4.427966,0.02344926,41.75652,10.36191,31.8717,0.2398993,44.05859,-0.28,0.48,-0.3,0.4363236742072758,0.56513623005126,3.915426197541744
2014-07-01,2014,7,2,Mixed-prokaryote mid-year state,23.55093,5.575015,0.01890092,43.77967,10.28548,31.4401,0.2456003,45.27071,0.25,0.13,-1.63,0.25540902701157236,0.34203413412790995,4.698975158104316
2014-08-01,2014,8,2,Mixed-prokaryote mid-year state,25.62738,5.411727,0.02077968,42.95845,10.65967,31.44185,0.3311163,40.7916,0.34,0.14,-0.77,0.06666901494958137,0.08174395543515565,0.6824496352949047
2014-09-01,2014,9,2,Mixed-prokaryote mid-year state,25.12296,5.536932,0.01496245,39.77181,13.20464,31.49209,0.3881725,35.84796,0.76,0.37,-1.23,0.006285558232193708,0.007001314704726704,0.07141461811152577
2014-10-01,2014,10,3,Prokaryote-dominated late-year state,21.40834,4.39926,0.01405345,34.74911,22.19799,31.92996,0.4306352,31.03512,1.43,0.48,-0.32,0.03222936019573852,0.03670782363698904,0.21076374503823553
2014-11-01,2014,11,3,Prokaryote-dominated late-year state,18.01021,3.847916,0.02458723,30.96502,27.93111,32.16928,0.3129542,21.08372,1.35,0.89,0.13,0.0,0.0,0.0
2014-12-01,2014,12,3,Prokaryote-dominated late-year state,13.88696,2.733043,0.04303123,27.38779,37.38982,32.40302,0.2264712,17.05835,1.86,0.77,-0.13,0.002732981502817104,0.0035584981840003117,0.01913087051971973
2015-01-01,2015,1,3,Prokaryote-dominated late-year state,10.9473,2.160026,0.05534801,25.7909,40.57145,32.53914,0.2603506,18.11417,1.51,0.59,-0.22,0.0010490449770578112,0.0012520400268499622,0.006294269862346867
2015-02-01,2015,2,3,Prokaryote-dominated late-year state,9.598001,1.893458,0.05033891,25.53375,37.6069,32.57518,0.2328704,23.7515,1.52,0.57,-1.37,0.17606512157744178,0.23679750529303756,1.339697902277791
2015-03-01,2015,3,3,Prokaryote-dominated late-year state,9.94882,2.130797,0.03462297,27.03447,22.68333,32.61991,0.1904375,33.73332,1.33,0.48,0.41,0.2663513975679584,0.3618852606432277,2.3693981208446355
2015-04-01,2015,4,1,Diatom-associated early-year state,12.2354,2.644213,0.01894304,30.70882,12.59683,32.30037,0.1756203,39.32323,0.9,0.9,1.23,0.38244532996439967,0.4750848636760531,3.2324576257286664
2015-05-01,2015,5,2,Mixed-prokaryote mid-year state,16.21392,3.913939,0.01495124,36.30687,10.623,32.06801,0.2053789,44.90139,0.32,1.04,2.14,0.35431594313584075,0.438805639200904,3.394762468438238
2015-06-01,2015,6,2,Mixed-prokaryote mid-year state,20.6311,5.407985,0.01948541,41.31195,10.33079,31.62811,0.2305327,42.98227,0.82,1.28,-0.03,0.2050191788655488,0.25704212505899315,1.8967644777580377
2015-07-01,2015,7,2,Mixed-prokaryote mid-year state,23.69492,5.876713,0.02517136,42.59361,10.49055,31.35855,0.2836265,44.54284,1.41,1.56,0.77,0.30798967196514004,0.40094509146511875,3.2285423898913965
2015-08-01,2015,8,2,Mixed-prokaryote mid-year state,26.55558,6.386711,0.02111799,44.25109,11.0856,31.30486,0.3411819,44.28012,0.98,1.87,-1.5,0.05397938333255302,0.060168310804180884,0.3329463680760228
2015-09-01,2015,9,3,Prokaryote-dominated late-year state,24.86015,5.327636,0.01941781,40.04376,14.79201,31.41575,0.3908192,38.37225,0.97,2.01,-1.38,0.020954726502325754,0.022541539952381413,0.12912454962975264
2015-10-01,2015,10,3,Prokaryote-dominated late-year state,21.63404,4.721392,0.01352879,35.50474,21.79475,31.84531,0.3300249,30.93319,0.84,2.21,-0.75,0.1735341875579815,0.20438289201262336,1.588536510651164
2015-11-01,2015,11,3,Prokaryote-dominated late-year state,18.49712,4.010452,0.03388852,31.92819,25.3899,32.15792,0.3754689,14.94278,0.17,2.57,0.77,0.051407225968367706,0.0603108396155922,0.7039425117037246
2015-12-01,2015,12,3,Prokaryote-dominated late-year state,14.177,2.843007,0.05416248,28.56054,33.29002,32.43814,0.3074622,14.92061,0.28,2.56,0.56,0.09175022771777297,0.11043975272813668,0.7299285857804427
2016-01-01,2016,1,3,Prokaryote-dominated late-year state,11.35939,2.193938,0.06771446,26.68014,38.2618,32.60036,0.2521202,15.91815,0.75,2.56,0.96,0.0019937398653711354,0.002203681218765404,0.010624704776177546
2016-02-01,2016,2,3,Prokaryote-dominated late-year state,9.065997,1.724865,0.06777366,26.11281,36.26432,32.62928,0.2196939,26.0823,1.29,2.11,1.61,0.09428705059083659,0.12338884820305687,2.412925928812003
2016-03-01,2016,3,3,Prokaryote-dominated late-year state,9.826246,1.691761,0.03755926,28.07639,19.95332,32.59669,0.2412153,35.31681,1.56,1.6,-0.2,0.10995602719568691,0.1399121429539458,1.906740845726984
2016-04-01,2016,4,3,Prokaryote-dominated late-year state,12.14766,2.518899,0.01578898,32.51889,11.07572,32.39744,0.2633589,38.373,1.74,1.05,-0.26,0.35035056076366405,0.4470663180108907,4.521550036478437
2016-05-01,2016,5,1,Diatom-associated early-year state,16.10254,3.421175,0.01058607,37.12294,10.71238,32.10969,0.2616625,43.26632,1.6,0.45,0.62,0.3656402965686462,0.467429863593023,5.300516750890629
2016-06-01,2016,6,2,Mixed-prokaryote mid-year state,20.85806,4.992825,0.01601506,42.74236,10.32471,31.48161,0.2878778,44.62937,0.86,0.06,-0.62,1.7267168665638983,2.344567800383053,40.91532853683242
2016-07-01,2016,7,2,Mixed-prokaryote mid-year state,24.94849,6.399195,0.0174332,44.97305,10.35994,30.92978,0.2778104,47.64807,0.57,-0.25,-1.42,0.8284038761468283,1.145883849220778,14.989883770495211
2016-08-01,2016,8,2,Mixed-prokaryote mid-year state,27.7583,6.236147,0.02327478,45.77676,11.12265,31.06455,0.3238319,48.67304,-0.63,-0.48,-0.37,0.2525048904004534,0.3094788396661888,1.5771498111728246
2016-09-01,2016,9,2,Mixed-prokaryote mid-year state,24.96757,4.994637,0.01242297,40.06978,14.38781,31.3941,0.412248,36.19117,-0.8,-0.46,-1.75,0.38501763354060015,0.552627588841635,4.05286957798229
2016-10-01,2016,10,3,Prokaryote-dominated late-year state,22.26512,4.157681,0.0135473,35.55563,19.25989,31.82677,0.4069637,23.73625,-0.43,-0.75,0.54,0.2724505865638043,0.3434535500205877,3.4438051344349856
2016-11-01,2016,11,2,Mixed-prokaryote mid-year state,17.89845,3.480409,0.03325696,31.33846,27.80135,32.15894,0.3787485,19.29554,0.96,-0.63,1.01,0.18316047990646772,0.23387579018536386,3.6372597565552827
2016-12-01,2016,12,1,Diatom-associated early-year state,14.34439,2.711721,0.05180753,28.60183,32.62468,32.50808,0.3184705,16.37441,0.61,-0.51,0.97,0.5111681146547876,0.6078663840815081,6.985478276693023
2017-01-01,2017,1,1,Diatom-associated early-year state,11.71392,2.131945,0.05946314,27.11736,36.72453,32.78485,0.3070141,17.56524,-0.05,-0.34,0.55,0.05240534998618643,0.06340233001379636,0.8024572242938768
2017-02-01,2017,2,1,Diatom-associated early-year state,10.105,1.709883,0.05756338,26.62646,38.21252,32.83481,0.2613109,26.1026,-0.01,-0.01,-0.15,0.1827993719882051,0.23696033547900913,5.9719224680253555
2017-03-01,2017,3,1,Diatom-associated early-year state,10.28231,1.74363,0.03756849,28.23891,23.43752,32.71563,0.2634888,33.16465,0.1,-0.09,-2.13,0.34805424489975767,0.4322390918852876,6.135152711224029
2017-04-01,2017,4,1,Diatom-associated early-year state,12.78148,2.599858,0.01745433,32.55318,12.24226,32.48752,0.2310806,42.43895,0.56,0.22,-0.36,0.9805278346758728,1.1977620370368731,12.071345548106404
2017-05-01,2017,5,3,Prokaryote-dominated late-year state,17.25041,3.955498,0.01055112,38.17262,10.71483,32.07663,0.1988708,49.04665,0.45,0.3,0.68,0.6999618937982074,0.9910794833683821,30.03848071187255
2017-06-01,2017,6,2,Mixed-prokaryote mid-year state,21.30556,4.828549,0.01537598,42.30684,10.58879,31.79012,0.2460743,45.51573,0.35,0.22,-0.75,1.411816293634742,1.950262775232028,43.82760152248355
2017-07-01,2017,7,2,Mixed-prokaryote mid-year state,26.08025,6.695036,0.01407706,46.61929,10.26612,31.09062,0.2823971,48.64865,-0.43,0.22,0.46,0.6529383231148376,0.8507997215940255,10.694391107176273
2017-08-01,2017,8,2,Mixed-prokaryote mid-year state,27.61112,6.400773,0.01821093,45.27369,10.99319,31.2753,0.359781,45.83972,-0.62,-0.18,-1.38,0.33369109723879176,0.42434646812552573,6.015821603182653
2017-09-01,2017,9,3,Prokaryote-dominated late-year state,25.03319,4.846695,0.01436936,39.75002,14.63536,31.36241,0.3631716,36.53032,-0.18,-0.56,-1.23,0.1697974478111997,0.20997853421488438,2.0697161000639346
2017-10-01,2017,10,2,Mixed-prokaryote mid-year state,21.92051,3.772376,0.01635257,34.89152,22.12568,31.73528,0.4013067,27.36834,-0.68,-0.52,0.7,0.011911010343028923,0.015201109080580541,0.21509159121482593
2017-11-01,2017,11,2,Mixed-prokaryote mid-year state,17.68049,3.102618,0.02832239,30.84933,30.83147,32.0859,0.2594601,20.56907,-0.59,-0.84,0.7,0.028280907397285122,0.03390357100839762,0.3222228550950566
2017-12-01,2017,12,1,Diatom-associated early-year state,13.80177,2.458957,0.04343489,27.57291,36.94318,32.44881,0.2117888,17.50418,-0.02,-0.85,0.33,0.02042785731226258,0.026672073141425855,0.140517088096915
2018-01-01,2018,1,1,Diatom-associated early-year state,10.81827,2.114393,0.05381169,26.16253,40.91296,32.71786,0.2317394,16.11736,0.39,-0.86,0.43,0.03935541851570229,0.05138891296937703,0.4516758310992334
2018-02-01,2018,2,1,Diatom-associated early-year state,8.39501,1.676036,0.04477121,25.58652,38.10453,32.64477,0.1661376,24.76389,-0.08,-0.73,0.4,0.4016424355167917,0.5467363565236376,5.184884457068304
2018-03-01,2018,3,1,Diatom-associated early-year state,9.541696,1.820406,0.02266117,28.30669,18.27091,32.53083,0.1655205,33.1553,-0.71,-0.73,0.84,0.37436416743308465,0.47125458299723555,5.296141265090313
2018-04-01,2018,4,3,Prokaryote-dominated late-year state,12.26381,2.423023,0.01141377,32.93754,12.17951,32.49966,0.1669108,42.16234,-0.81,-0.36,-0.67,0.6275908929493288,0.8459992666537223,9.431018529825229
2018-05-01,2018,5,3,Prokaryote-dominated late-year state,16.34415,3.422746,0.009617997,38.37534,10.80109,32.02203,0.2256936,42.79467,-0.45,-0.12,-0.19,0.341441925904261,0.42441122546138704,3.48707519779004
2018-06-01,2018,6,2,Mixed-prokaryote mid-year state,20.87104,4.692647,0.01586991,43.23826,10.76938,31.81951,0.276731,46.54306,-0.65,0.12,-0.44,1.6840052510158994,2.3617158860606247,44.954996240525816
2018-07-01,2018,7,2,Mixed-prokaryote mid-year state,24.95535,5.052289,0.01540432,44.67965,10.5829,31.47992,0.3209659,50.18477,-0.01,0.27,-0.81,0.5061317696246569,0.6202320222793107,7.2395171131881195
2018-08-01,2018,8,2,Mixed-prokaryote mid-year state,27.43576,4.458508,0.0156309,44.56211,11.80913,31.42914,0.3834228,47.35277,-0.24,0.05,-1.38,0.5839794343840706,0.7039982859907801,5.780090876397553
2018-09-01,2018,9,3,Prokaryote-dominated late-year state,25.73086,4.230765,0.01444529,39.82151,14.61408,31.4808,0.3798156,37.1953,-0.35,0.3,-1.78,0.004815969240644468,0.005469319867654717,0.024750461050510545
2018-10-01,2018,10,3,Prokaryote-dominated late-year state,21.54781,3.206622,0.01641703,34.30533,24.29105,31.95915,0.3296569,30.94508,-0.57,0.84,-1.14,0.31295353965480394,0.4604752735238746,5.852421085546238
2018-11-01,2018,11,2,Mixed-prokaryote mid-year state,18.05849,2.781609,0.02131514,30.79195,27.91416,32.19113,0.3428391,20.46143,-0.69,1.0,-0.61,0.5183466505796488,0.6822626697252815,4.280779773466974
2018-12-01,2018,12,1,Diatom-associated early-year state,14.78516,2.139595,0.03777536,28.21298,34.07256,32.43575,0.3576584,13.96999,-0.21,0.97,0.11,0.39561359526962686,0.5405428998476298,8.909207062072685
2019-01-01,2019,1,1,Diatom-associated early-year state,11.33342,1.603832,0.05799674,25.65638,41.40893,32.55126,0.2886494,17.91958,-0.34,0.51,1.05,0.24250907104826158,0.3225022720363683,4.026356406810829
2019-02-01,2019,2,1,Diatom-associated early-year state,10.04073,1.447822,0.06111008,25.33229,38.27085,32.63404,0.2215559,20.46027,-0.72,0.62,2.09,0.39019759093699335,0.5252935925098052,10.562843797313612
2019-03-01,2019,3,1,Diatom-associated early-year state,10.47788,1.616115,0.03943512,26.71026,23.39373,32.66556,0.2134554,33.44122,-0.39,0.81,0.88,0.46922145847868996,0.5933591118586262,5.701033773857812
2019-04-01,2019,4,1,Diatom-associated early-year state,12.70382,1.928897,0.02177128,30.19135,13.28528,32.42841,0.2162941,39.76662,0.1,0.67,-1.3,0.19996771019989454,0.2616295715508786,2.648240010165926
2019-05-01,2019,5,3,Prokaryote-dominated late-year state,16.50236,2.55833,0.01665784,35.05199,11.53117,32.11206,0.2469919,48.49501,0.26,0.61,-0.63,0.3218434778198453,0.4192784715341252,5.522769423970183
2019-06-01,2019,6,2,Mixed-prokaryote mid-year state,20.34853,3.265489,0.01678913,40.17868,10.71416,31.79374,0.260858,47.15538,-0.05,0.66,-1.92,0.6486416429352297,0.8428768731317627,12.662483799703448
2019-07-01,2019,7,2,Mixed-prokaryote mid-year state,24.31108,4.231383,0.0152322,43.853,10.29777,31.47675,0.3005702,46.24289,0.54,0.41,-0.27,0.6392787016379742,0.7872942896240662,6.020508436329557
2019-08-01,2019,8,3,Prokaryote-dominated late-year state,26.92452,4.414184,0.0136453,44.38897,11.39305,31.23234,0.3237593,45.9396,0.01,0.19,-2.19,0.26429021773939176,0.31547584031270953,2.3415950849364227
2019-09-01,2019,9,3,Prokaryote-dominated late-year state,25.00072,3.807632,0.01137811,39.94406,15.22297,31.44908,0.353572,37.695,0.13,0.11,0.86,0.1862462831087638,0.27346869926249945,5.45128390701948
2019-10-01,2019,10,3,Prokaryote-dominated late-year state,22.19735,3.397273,0.0178191,35.40394,23.80107,31.74935,0.3907209,30.07841,-0.9,0.55,-0.81,0.2278746195403251,0.3020362520408734,2.744408533308567
2019-11-01,2019,11,3,Prokaryote-dominated late-year state,18.30969,3.070642,0.02661196,31.30397,30.54651,32.12033,0.3208446,21.44509,-0.49,0.74,-0.12,0.34717600408991744,0.4855328773474073,13.207259284038031
2019-12-01,2019,12,1,Diatom-associated early-year state,14.55685,2.596895,0.04730387,28.03321,35.6441,32.49611,0.2678824,16.12826,0.0,0.51,0.74,0.7422714398990806,0.968915388830481,15.661640601662528
2020-01-01,2020,1,1,Diatom-associated early-year state,12.00291,2.313589,0.05912294,26.69917,39.62627,32.68783,0.2971561,15.33744,-1.41,0.64,0.69,0.5256908951925741,0.6961652960013773,11.440019946965375
2020-02-01,2020,2,1,Diatom-associated early-year state,10.28555,2.020594,0.04928588,26.46706,34.08411,32.83029,0.2609283,23.66989,-1.48,0.48,1.46,0.8321928858360463,1.104176748435502,18.596931551635308
2020-03-01,2020,3,1,Diatom-associated early-year state,10.70586,2.013989,0.03139725,28.27134,24.23719,32.73606,0.2047682,34.19953,-1.75,0.36,1.29,0.2797756691786224,0.35778707959170125,2.4477332717122926
2020-04-01,2020,4,3,Prokaryote-dominated late-year state,12.73056,2.281931,0.01686143,31.15261,16.64023,32.61213,0.2263666,45.16571,-1.32,0.49,-1.34,0.33749589129440727,0.43584510948572813,4.843034359004142
2020-05-01,2020,5,2,Mixed-prokaryote mid-year state,16.43019,3.163127,0.007933331,36.92435,10.79582,32.24253,0.2517852,44.75827,-0.53,-0.12,0.12,0.7940898807190295,1.00006088405389,9.335799560218435
2020-06-01,2020,6,3,Prokaryote-dominated late-year state,21.18923,4.227831,0.007451985,42.94586,10.39636,31.87049,0.3262833,42.65132,-0.76,-0.21,-1.25,0.07240091692587927,0.08939265861016531,1.047404766631966
2020-07-01,2020,7,2,Mixed-prokaryote mid-year state,23.63997,4.755019,0.01371064,44.55256,10.50308,31.38676,0.3112281,42.27643,-0.92,-0.04,-0.54,0.94816368616153,1.1874932060463397,9.427780671321928
2020-08-01,2020,8,2,Mixed-prokaryote mid-year state,26.37829,5.349509,0.01176344,45.36446,11.04017,31.30482,0.3501738,43.81718,-1.33,-0.42,-0.21,0.18022060937887763,0.2191604736852247,1.7898143292120519
2020-09-01,2020,9,3,Prokaryote-dominated late-year state,25.02943,4.564327,0.01505502,41.29739,16.0516,31.49327,0.3843365,36.2772,-1.04,-0.66,-2.44,0.04349919434957841,0.05287291397194112,0.39233641898030036
2020-10-01,2020,10,3,Prokaryote-dominated late-year state,21.79563,3.978261,0.01563369,35.9246,24.8232,31.94177,0.4132317,30.26387,-0.62,-1.19,-1.18,0.7744028094968854,1.0209420343227336,12.603020979793198
2020-11-01,2020,11,2,Mixed-prokaryote mid-year state,18.76778,3.590241,0.02220288,31.98554,28.52605,32.07577,0.3076442,20.50158,-1.59,-1.01,0.72,0.19089414143662617,0.24154782202847283,2.107421790467584
2020-12-01,2020,12,1,Diatom-associated early-year state,14.62928,2.917962,0.04018504,28.44594,36.09906,32.45898,0.285929,16.35313,-0.99,-0.98,0.99,0.16589069441227336,0.24147117805230542,6.1518022532866015
2021-01-01,2021,1,1,Diatom-associated early-year state,10.80729,2.440934,0.05411195,26.34422,40.6021,32.62071,0.2332231,19.22805,-0.61,-1.04,2.45,0.3507812874328232,0.4853081415556199,10.82682901881152
2021-02-01,2021,2,1,Diatom-associated early-year state,10.24799,2.294553,0.03708983,26.8354,32.32248,32.63594,0.2342308,25.95026,-1.1,-0.94,0.76,0.5379185642697876,0.7337442323637492,14.603808588498655
2021-03-01,2021,3,1,Diatom-associated early-year state,11.16464,2.216884,0.02164487,29.11419,19.04887,32.64798,0.2088337,32.28797,-1.68,-0.72,2.05,0.5441863452316908,0.6683248730109358,5.593746996306826
2021-04-01,2021,4,3,Prokaryote-dominated late-year state,13.15914,2.576523,0.01114767,32.87018,13.97375,32.47428,0.2477978,40.59227,-1.85,-0.55,-0.12,0.4786379679358469,0.6216029002586254,5.99516368209282
2021-05-01,2021,5,3,Prokaryote-dominated late-year state,16.5973,3.536114,0.007842562,38.02328,11.01019,32.11223,0.2245314,43.67931,-2.01,-0.41,0.18,1.0572061697617838,1.380299232330639,14.173381931958993
2021-06-01,2021,6,2,Mixed-prokaryote mid-year state,21.35476,4.550197,0.01067023,43.4409,10.45174,31.64684,0.3273057,44.9095,-1.81,-0.06,-0.82,1.2633069721386343,1.6815580639196221,22.23367694327686
2021-07-01,2021,7,2,Mixed-prokaryote mid-year state,25.39187,5.013104,0.01839172,46.51037,11.09692,31.37255,0.3930641,46.81764,-1.96,-0.2,-0.44,0.5092630884446672,0.6498531456544163,7.261755424712592
2021-08-01,2021,8,3,Prokaryote-dominated late-year state,26.98162,4.67959,0.01764725,45.48413,11.57255,31.01357,0.3871253,43.45911,-0.94,-0.38,-1.94,1.2680363063931213,1.7881470334423337,33.22460029946446
2021-09-01,2021,9,3,Prokaryote-dominated late-year state,25.86352,4.764706,0.01010444,41.72075,13.25896,31.16697,0.4416628,37.09822,-1.96,-0.5,-0.65,0.4750017453219455,0.6443926458282395,7.959948290164006
2021-10-01,2021,10,3,Prokaryote-dominated late-year state,23.13065,4.191145,0.01011765,37.00387,20.63019,31.77347,0.4186193,28.61113,-3.11,-0.78,1.74,0.24352980858339682,0.3068498764343668,4.6895767698707305
2021-11-01,2021,11,2,Mixed-prokaryote mid-year state,18.88909,3.679976,0.02431657,31.72246,26.67451,31.97965,0.2736525,21.58293,-2.75,-0.88,-0.15,0.3201348810702897,0.4046143721695898,4.668512036651848
2021-12-01,2021,12,1,Diatom-associated early-year state,15.32241,3.126501,0.03900724,28.56598,32.8611,32.3418,0.2664266,18.31401,-2.71,-1.07,0.48,0.2796598752164767,0.3520927700338486,4.5712353776444425
2022-01-01,2022,1,1,Diatom-associated early-year state,12.14894,2.554552,0.05500105,26.65482,39.81907,32.42841,0.3028846,17.41686,-2.4,-0.77,-1.44,0.20575883573024945,0.279697959797919,3.975506011790062
2022-02-01,2022,2,1,Diatom-associated early-year state,10.3435,2.094321,0.05495315,26.13487,40.40937,32.59806,0.3081189,23.98489,-1.91,-0.68,-0.39,0.5674379165705397,0.7836762887238001,12.09230363763467
2022-03-01,2022,3,3,Prokaryote-dominated late-year state,10.73785,2.143173,0.02803214,27.99734,20.29333,32.53326,0.2468455,32.93742,-1.67,-0.84,0.58,0.8993756772121343,1.265618830159137,14.256373507497656
2022-04-01,2022,4,3,Prokaryote-dominated late-year state,13.25727,2.407028,0.01542087,32.32346,12.85954,32.24624,0.2064492,42.96676,-2.1,-0.9,0.31,0.5354560562256253,0.6991688832901323,5.492713928437884
2022-05-01,2022,5,3,Prokaryote-dominated late-year state,16.72705,3.150229,0.01344969,37.4152,11.25072,31.5627,0.2722823,48.03013,-2.25,-1.02,-1.38,0.9799731723637053,1.3687648168383566,25.019764987457254
2022-06-01,2022,6,2,Mixed-prokaryote mid-year state,21.08089,4.199473,0.01152559,42.47479,10.33225,31.21168,0.3088113,46.10513,-1.34,-0.77,-1.66,1.3602922069336003,1.8764004903779765,28.23146366904732
2022-07-01,2022,7,2,Mixed-prokaryote mid-year state,26.06562,5.035843,0.01332403,47.11713,10.33486,30.77983,0.3445247,49.57646,-2.62,-0.56,-0.52,0.9008160553608004,1.1718738221284546,11.665287942474146
2022-08-01,2022,8,3,Prokaryote-dominated late-year state,27.4845,5.283041,0.01145695,46.68492,11.00023,31.15098,0.3371069,45.85601,-2.38,-0.96,-0.41,0.11541643847214986,0.14111718801228584,0.9476107784301985
2022-09-01,2022,9,3,Prokaryote-dominated late-year state,24.54202,4.102106,0.01395138,40.70458,16.87301,31.43904,0.4279191,38.39801,-2.29,-1.06,1.82,0.07158131900928709,0.08790262458929875,0.46592600942417944
2022-10-01,2022,10,3,Prokaryote-dominated late-year state,21.46513,3.569538,0.01643616,35.38271,24.71697,31.59851,0.3735748,29.67984,-1.8,-0.99,1.04,0.8958207386438475,1.156329160959606,12.302733969992266
2022-11-01,2022,11,2,Mixed-prokaryote mid-year state,18.68626,3.320945,0.02305966,32.0809,27.33835,31.83529,0.3581005,19.828,-2.41,-0.76,0.34,0.14859356834234305,0.1830841712396291,1.3876069869755399
2022-12-01,2022,12,1,Diatom-associated early-year state,14.90764,2.857501,0.0480772,28.6872,36.14372,32.20572,0.2193665,15.89925,-2.21,-0.86,-0.02,0.255370443826112,0.3191525244122382,2.5821476807133754
