Test_Year,Test_Months,Model,Accuracy,Balanced_Accuracy,Macro_F1
2003,7,Seasonal Baseline,0.7142857142857143,0.8,0.5166666666666667
2003,7,CatBoost,0.7142857142857143,0.8,0.5166666666666667
2003,7,XGBoost,0.7142857142857143,0.8,0.5166666666666667
2003,7,HistGradientBoosting,0.8571428571428571,0.9,0.8444444444444444
2003,7,Equal Soft Voting,0.7142857142857143,0.8,0.5166666666666667
2003,7,TCN,0.8571428571428571,0.9,0.8444444444444444
2003,7,CNN-LSTM,0.8571428571428571,0.9,0.8444444444444444
2004,12,Seasonal Baseline,0.75,0.7999999999999999,0.7388888888888889
2004,12,CatBoost,0.75,0.7999999999999999,0.7388888888888889
2004,12,XGBoost,0.75,0.7999999999999999,0.7388888888888889
2004,12,HistGradientBoosting,0.75,0.7999999999999999,0.7388888888888889
2004,12,Equal Soft Voting,0.75,0.7999999999999999,0.7388888888888889
2004,12,TCN,0.5,0.6,0.49927849927849927
2004,12,CNN-LSTM,0.75,0.8000000000000002,0.7388888888888889
2005,12,Seasonal Baseline,0.8333333333333334,0.8055555555555555,0.810966810966811
2005,12,CatBoost,0.9166666666666666,0.8888888888888888,0.903030303030303
2005,12,XGBoost,0.8333333333333334,0.8055555555555555,0.810966810966811
2005,12,HistGradientBoosting,0.9166666666666666,0.8888888888888888,0.903030303030303
2005,12,Equal Soft Voting,0.9166666666666666,0.8888888888888888,0.903030303030303
2005,12,TCN,0.6666666666666666,0.6722222222222222,0.6666666666666666
2005,12,CNN-LSTM,0.75,0.7388888888888889,0.7388888888888889
2006,12,Seasonal Baseline,0.8333333333333334,0.85,0.8380952380952381
2006,12,CatBoost,0.9166666666666666,0.9166666666666666,0.9220779220779222
2006,12,XGBoost,0.9166666666666666,0.9166666666666666,0.9220779220779222
2006,12,HistGradientBoosting,0.9166666666666666,0.9166666666666666,0.9220779220779222
2006,12,Equal Soft Voting,0.9166666666666666,0.9166666666666666,0.9220779220779222
2006,12,TCN,0.9166666666666666,0.9333333333333332,0.9153439153439153
2006,12,CNN-LSTM,1.0,1.0,1.0
2007,12,Seasonal Baseline,0.9166666666666666,0.9166666666666666,0.9220779220779219
2007,12,CatBoost,1.0,1.0,1.0
2007,12,XGBoost,1.0,1.0,1.0
2007,12,HistGradientBoosting,1.0,1.0,1.0
2007,12,Equal Soft Voting,1.0,1.0,1.0
2007,12,TCN,0.9166666666666666,0.9333333333333332,0.9259259259259259
2007,12,CNN-LSTM,0.9166666666666666,0.9166666666666666,0.9220779220779219
2008,12,Seasonal Baseline,0.75,0.7555555555555555,0.7388888888888889
2008,12,CatBoost,0.8333333333333334,0.8666666666666667,0.832010582010582
2008,12,XGBoost,0.8333333333333334,0.8666666666666667,0.832010582010582
2008,12,HistGradientBoosting,0.75,0.7833333333333333,0.7579365079365079
2008,12,Equal Soft Voting,0.8333333333333334,0.8666666666666667,0.832010582010582
2008,12,TCN,0.8333333333333334,0.8666666666666667,0.832010582010582
2008,12,CNN-LSTM,0.75,0.7833333333333333,0.7579365079365079
2009,12,Seasonal Baseline,0.9166666666666666,0.9166666666666666,0.9220779220779219
2009,12,CatBoost,0.9166666666666666,0.9333333333333332,0.9153439153439153
2009,12,XGBoost,0.9166666666666666,0.9333333333333332,0.9153439153439153
2009,12,HistGradientBoosting,0.9166666666666666,0.9333333333333332,0.9153439153439153
2009,12,Equal Soft Voting,0.9166666666666666,0.9333333333333332,0.9153439153439153
2009,12,TCN,0.9166666666666666,0.9333333333333332,0.9153439153439153
2009,12,CNN-LSTM,0.9166666666666666,0.9333333333333332,0.9153439153439153
2010,12,Seasonal Baseline,0.8333333333333334,0.85,0.8380952380952381
2010,12,CatBoost,0.9166666666666666,0.9166666666666666,0.9220779220779222
2010,12,XGBoost,0.9166666666666666,0.9166666666666666,0.9220779220779222
2010,12,HistGradientBoosting,0.8333333333333334,0.85,0.85
2010,12,Equal Soft Voting,0.9166666666666666,0.9166666666666666,0.9220779220779222
2010,12,TCN,0.75,0.7833333333333333,0.7777777777777777
2010,12,CNN-LSTM,0.75,0.7666666666666666,0.7428571428571429
2011,12,Seasonal Baseline,0.9166666666666666,0.9166666666666666,0.9220779220779219
2011,12,CatBoost,0.9166666666666666,0.8888888888888888,0.8962962962962964
2011,12,XGBoost,0.9166666666666666,0.9166666666666666,0.9220779220779219
2011,12,HistGradientBoosting,0.75,0.7222222222222222,0.7157287157287157
2011,12,Equal Soft Voting,0.75,0.7222222222222222,0.7157287157287157
2011,12,TCN,0.5833333333333334,0.65,0.5786435786435786
2011,12,CNN-LSTM,0.8333333333333334,0.8333333333333334,0.810966810966811
2012,12,Seasonal Baseline,0.6666666666666666,0.7222222222222222,0.6746031746031745
2012,12,CatBoost,0.5833333333333334,0.611111111111111,0.6151515151515151
2012,12,XGBoost,0.5833333333333334,0.611111111111111,0.5888888888888889
2012,12,HistGradientBoosting,0.6666666666666666,0.6111111111111112,0.6380952380952382
2012,12,Equal Soft Voting,0.6666666666666666,0.6666666666666666,0.6793650793650793
2012,12,TCN,0.6666666666666666,0.7222222222222222,0.6746031746031745
2012,12,CNN-LSTM,0.75,0.8333333333333334,0.7777777777777777
2013,12,Seasonal Baseline,0.6666666666666666,0.7222222222222222,0.6746031746031745
2013,12,CatBoost,0.6666666666666666,0.7222222222222222,0.6746031746031745
2013,12,XGBoost,0.75,0.7777777777777777,0.7428571428571429
2013,12,HistGradientBoosting,0.8333333333333334,0.8333333333333334,0.810966810966811
2013,12,Equal Soft Voting,0.6666666666666666,0.7222222222222222,0.6746031746031745
2013,12,TCN,0.75,0.7777777777777777,0.7428571428571429
2013,12,CNN-LSTM,0.75,0.8333333333333334,0.7777777777777777
2014,12,Seasonal Baseline,0.5,0.5277777777777778,0.4933862433862433
2014,12,CatBoost,0.5833333333333334,0.5833333333333334,0.561111111111111
2014,12,XGBoost,0.5,0.4166666666666667,0.4318181818181818
2014,12,HistGradientBoosting,0.5833333333333334,0.5833333333333334,0.561111111111111
2014,12,Equal Soft Voting,0.5833333333333334,0.5833333333333334,0.561111111111111
2014,12,TCN,0.4166666666666667,0.4444444444444444,0.41904761904761906
2014,12,CNN-LSTM,0.4166666666666667,0.4444444444444444,0.41904761904761906
2015,12,Seasonal Baseline,0.5833333333333334,0.7261904761904762,0.580952380952381
2015,12,CatBoost,0.6666666666666666,0.8095238095238094,0.6444444444444444
2015,12,XGBoost,0.6666666666666666,0.8095238095238094,0.6444444444444444
2015,12,HistGradientBoosting,0.6666666666666666,0.48809523809523814,0.5064102564102564
2015,12,Equal Soft Voting,0.5833333333333334,0.7261904761904762,0.580952380952381
2015,12,TCN,0.6666666666666666,0.7738095238095237,0.6412698412698412
2015,12,CNN-LSTM,0.6666666666666666,0.7738095238095237,0.6412698412698412
2016,12,Seasonal Baseline,0.4166666666666667,0.43333333333333335,0.40079365079365076
2016,12,CatBoost,0.4166666666666667,0.43333333333333335,0.40079365079365076
2016,12,XGBoost,0.4166666666666667,0.43333333333333335,0.40079365079365076
2016,12,HistGradientBoosting,0.5,0.5,0.49444444444444446
2016,12,Equal Soft Voting,0.5,0.5,0.49444444444444446
2016,12,TCN,0.8333333333333334,0.7666666666666666,0.791919191919192
2016,12,CNN-LSTM,0.75,0.7000000000000001,0.7313131313131315
2017,12,Seasonal Baseline,0.75,0.7000000000000001,0.6888888888888888
2017,12,CatBoost,0.6666666666666666,0.6333333333333333,0.6296296296296295
2017,12,XGBoost,0.6666666666666666,0.6333333333333333,0.6296296296296295
2017,12,HistGradientBoosting,0.3333333333333333,0.3666666666666667,0.3444444444444444
2017,12,Equal Soft Voting,0.5833333333333334,0.5666666666666667,0.5674603174603173
2017,12,TCN,0.75,0.7000000000000001,0.6888888888888888
2017,12,CNN-LSTM,0.6666666666666666,0.5333333333333333,0.5333333333333333
2018,12,Seasonal Baseline,0.75,0.75,0.7367724867724869
2018,12,CatBoost,0.6666666666666666,0.6666666666666666,0.6534391534391534
2018,12,XGBoost,0.6666666666666666,0.6666666666666666,0.6555555555555556
2018,12,HistGradientBoosting,0.6666666666666666,0.6666666666666666,0.6555555555555556
2018,12,Equal Soft Voting,0.6666666666666666,0.6666666666666666,0.6555555555555556
2018,12,TCN,0.8333333333333334,0.8333333333333334,0.8148148148148148
2018,12,CNN-LSTM,0.6666666666666666,0.6666666666666666,0.6666666666666666
2019,12,Seasonal Baseline,0.8333333333333334,0.8666666666666667,0.8055555555555555
2019,12,CatBoost,0.9166666666666666,0.9333333333333332,0.8962962962962964
2019,12,XGBoost,0.9166666666666666,0.9333333333333332,0.8962962962962964
2019,12,HistGradientBoosting,0.6666666666666666,0.7333333333333334,0.6722222222222222
2019,12,Equal Soft Voting,0.9166666666666666,0.9333333333333332,0.8962962962962964
2019,12,TCN,0.6666666666666666,0.7333333333333334,0.6555555555555556
2019,12,CNN-LSTM,0.75,0.7999999999999999,0.7157287157287158
2020,12,Seasonal Baseline,0.6666666666666666,0.6666666666666666,0.6476190476190476
2020,12,CatBoost,0.75,0.75,0.7367724867724869
2020,12,XGBoost,0.4166666666666667,0.4166666666666667,0.40740740740740744
2020,12,HistGradientBoosting,0.75,0.75,0.7367724867724869
2020,12,Equal Soft Voting,0.75,0.75,0.7367724867724869
2020,12,TCN,0.6666666666666666,0.6666666666666666,0.6534391534391534
2020,12,CNN-LSTM,0.6666666666666666,0.6666666666666666,0.6476190476190476
2021,12,Seasonal Baseline,0.6666666666666666,0.6888888888888888,0.6534391534391534
2021,12,CatBoost,0.6666666666666666,0.6888888888888888,0.6534391534391534
2021,12,XGBoost,0.6666666666666666,0.6888888888888888,0.6534391534391534
2021,12,HistGradientBoosting,0.5833333333333334,0.6055555555555555,0.6005291005291006
2021,12,Equal Soft Voting,0.6666666666666666,0.6888888888888888,0.6534391534391534
2021,12,TCN,1.0,1.0,1.0
2021,12,CNN-LSTM,0.6666666666666666,0.6888888888888888,0.6555555555555556
2022,12,Seasonal Baseline,0.5833333333333334,0.6666666666666666,0.5886243386243386
2022,12,CatBoost,0.5833333333333334,0.6666666666666666,0.5886243386243386
2022,12,XGBoost,0.5833333333333334,0.6666666666666666,0.5886243386243386
2022,12,HistGradientBoosting,0.75,0.8333333333333334,0.7579365079365079
2022,12,Equal Soft Voting,0.6666666666666666,0.7777777777777778,0.6666666666666666
2022,12,TCN,0.6666666666666666,0.7222222222222222,0.6722222222222222
2022,12,CNN-LSTM,0.75,0.7777777777777777,0.7590909090909091
